ID,strain,clade,protein_sequence
1,A/goose/Guangdong/1/1996,0,MEKIVLLLAIVSLVKSDQICIGYHANNSTEQVDTIMEKNVTVTHAQDILEKTHNGKLCDLNGVKPLILRDCSVAGWLLGNPMCDEFINVPEWSYIVEKASPANDLCYPGDFNDYEELKHLLSRTNHFEKIQIIPKSSWSNHDASSGVSSACPYHGRSSFFRNVVWLIKKNSAYPTIKRSYNNTNQEDLLVLWGIHHPNDAAEQTKLYQNPTTYISVGTSTLNQRLVPEIATRPKVNGQSGRMEFFWTILKPNDAINFESNGNFIAPEYAYKIVKKGDSAIMKSELEYGNCNTKCQTPMGAINSSMPFHNIHPLTIGECPKYVKSNRLVLATGLRNTPQRERRRKKRGLFGAIAGFIEGGWQGMVDGWYGYHHSNEQGSGYAADKESTQKAIDGVTNKVNSIIDKMNTQFEAVGREFNNLERRIENLNKQMEDGFLDVWTYNAELLVLMENERTLDFHDSNVKNLYDKVRLQLRDNAKELGNGCFEFYHKCDNECMESVKNGTYDYPQYSEEARLNREEISGVKLESMGTYQILSIYSTVASSLALAIMVAGLSLWMCSNGSLQCRICI
2,A/Hong_Kong/483/1997,0,MEKIVLLLATVSLVKSDQICIGYHANNSTEQVDTIMEKNVTVTHAQDILERTHNGKLCDLNGVKPLILRDCSVAGWLLGNPMCDEFINVPEWSYIVEKASPANDLCYPGNFNDYEELKHLLSRISHFEKIQIIPKSSWSNHDASSGVSSACPYLGKSSFFRNVVWLIKKNSTYPTIKRSYNNTNQEDLLVLWGIHHPNDAAEQTKLYQNPTTYISVGTSTLNQRLVPEIATRPKVNGQSGRIEFFWTILKPNDAINFESNGNFIAPEYAYKIVKKGDSTIMKSELEYGNCNTKCQTPMGAINSSMPFHNIHPLTIGECPKYVKSNRLVLATGLRNAPQRERRRKKRGLFGAIAGFIEGGWQGMVDGWYGYHHSNEQGSGYAADQESTQKAIDGVTNKVNSIINKMNTQFEAVGREFNNLERRIENLNKKMEDGFLDVWTYNAELLVLMENERTLDFHDSNVKNLYDKVRLQLRDNAKELGNGCFEFYHKCDNECMESVKNGTYDYPQYSEEARLNREEISGVKLESMGTYQILSLYSTVASSLALAIMVAGLSLWMCSNGSLQCRICI
3,A/duck/Guangdong/01/2001,3,MEKIVLLLAIVSLVKSDQICIGYHANNSTEQVDTIMEKNVTVTHAQDILEKTHNGKLCDLDGVKPLILRDCSVAGWLLGNPMCDEFINVPEWSYIVEKASPANDLCYPGDFNDYEELKHLLSRINHFEKIQIIPKSSWSNHEASSGVSSACPYLGKSSFFRNVVWLIKKNSAYPTIKRSYNNTNQEDLLVLWGIHHPNDAAEQTKLYQNPTTYISVGTSTLNQRLVPKIATRSKVNGQSGRMEFFWTILKPNDAINFESNGNFIAPEYAYKIVKKGDSAIMKSELEYGNCNTKCQTPMGAINSSMPFHNIHPLTIGECPKYVKSNRLVLATGLRNTPQRERRRKRRGLFGAIAGFIEGGWQGMVDGWYGYHHSNEQGSGYAADKESTQKAIDGVTNKVNSIIDKMNTQFEAVGREFNNLERRIENLNKKMEDGFLDVWTYNAELLVLMENERTLDFHDSNVKNLYDKVRLQLRDNAKELGNGCFEFYHKCDNECMESVKNGTYDYPQYSEEARLNREEISGVKLESMGTYQILSIYSTVASSLALAIMVAGLSLWMCSNGSLQCRICI
4,A/Ck/HK/61.9/02,8,MEKIVLLLAIVSLVKSDQICIGYHANNSTEQVDTIMEKNVTVTHAQDILEKTHNGKLCDLDGVKPLILRDCSVAGWLLGNPMCDEFINVPEWSYIVEKASPANDLCYPGDFNDYEELKHLLSRINHFEKIQIIPKSSWSNHEASSGVSSACPYQGKSSFFRNVVWLIKKNSAYPTIKRSYNNTNQEDLLVLWGIHHPNDAAEQTRLYQNPTTYISVGTSTLNQRLVPKIATRSKVNGQSGRMEFFWTILKPNDAINFESNGNFIAPEYAYKIVKKGDSAIMKSELEYGNCNTKCQTPMGAINSSMPFHNIHPLTIGECPKYVKSNRLVLATGLRNSPQRERRRKKRGLFGAIAGFIEGGWQGMVDGWYGYHHSNEQGSGYAADKESTQKAIDGVTNKVNSIIDKMNTQFEAVGREFNNLERRIENLNKKMEDGFLDVWTYNAELLVLMENERTLDFHDSNVKNLYDKVRLQLRDNAKELGNGCFEFYHKCDNECMESVRNGTYDYPQYSEEARLKREEISGVKLESIGTYQILSIYSTVASSLALAIMVAGLSLWMCSNGSLQCRICI
5,A/duck/Hunan/795/2002,2.1.1,MEKIVLLLAIVSLVKSDQICIGYHANNSTEQVDTIMEKNVTVTHAQDILEKTHNGKLCDLDGVKPLILRDCSVAGWLLGNPMCDEFINVPEWSYIVEKANPANDLCYPGNFNDYEELKHLLSRINHFEKIQIIPKSSWSDHEASSGVSSACPYQGKSSFFRNVVWLIKKNSAYPTIKRSYNNTNQEDLLVLWGIHHPNDAAEQTRLYQNPTTYISVGTSTLNQRLVPKIATRSKVNGQSGRMEFFWTILKPNDAINFESNGNFIAPEYAYKIVKKGDSAIMKSELEYGNCNTKCQTPMGAINSSMPFHNIHPLTIGECPKYVKSNRLVLATGLRNSLQRERRRKKRGLFGAIAGFIEGGWQGMVDGWYGYHHSNEQGSGYAADKESTQKAIDGVTNKVNSIIDKMNTQFEAVGREFNNLERRIENLNKKMEDGFLDVWTYNAELLVLMENERTLDFHDSNVKNLYDKVRLQLRDNAKELGNGCFEFYHKCDNECMESIRNGTYNYPQYSEEARLKREEISGVKLESIGTYQILSIYSTVASSLALAIMVAGLSLWMCSNGSLQCRICI
6,A/Beijing/01/2003,7,MEKIVLLLAIISLVKSDQICIGSHANNSTEQVDTIMEKNVTVTHAQDILEKTHNGKLCDLDGVKPLILRDCSVAGWLLGNPMCDEFINVPEWSYIVEKASPANDLCYPGDFNDYEELKHLLSRINHFEKIQIIPKSSWSNHEASSGVSSACPYLGRPSFFRNVVWLIKKNNTYPTIKRSYNNTNQEDLLVLWGIHHPNDEAEQIKLYQNPTTYISVGTSTLNQRLVPKIATRSKVNGQSGRMEFFWAILKPNDAINFESNGNFIAPEYAYKIVKKGDSAIMKSELEYGNCNTKCQTPMGAINSSMPFHNIHPLTIGECPKYVKSNRLVLATGLRNAPQREGRRKKRGLFGAIAGFIEGGWQGMVDGWYGYHHSNEQGSGYAADKESTQKAIDGVTNKVNSIIDKMNTQFEAIGREFNNLERRIENLNKKMEDGFLDVWTYNAELLVLMENERTLDFHDSNVKNLYEKVRLQLRDNAKGLGNGCFEFYHKCDNECMESVKNGTYDYPQYSEEATLNREEISGVKLESMGTYQILSIYSTVASSLALAIMVAGLSLWMCSNGSLQCRICI
7,A/chicken/Viet Nam/Ncvd8/2003,5,MEKIVLLLAIVSLVKSDQICIGYHANNSTEQVDTIMEKNVTVTHAQDILEKTHNGKLCDLDGVKPLILRDCSVAGWLLGNPMCDEFINVPEWSYIVEKASPANDLCYPGDFNDYEELKHLLSRINHFEKIQIIPKSSWSNHEASSGVSSACPYQGRPSFFRNVVWLIKRNSAYPTIKRSYNNTNQEDLLVLWGIHHPNDAAEQTKLYQNPTTYISVGTSTLNQRLVPKIATRSKVNGQSGRMEFFWTILKPNDAINFESNGNFIAPEYAYKIVKKGDSAIMKSELEYGNCNTKCQTPMGAINSSMPFHNIHPLTIGECPKYVKSNRLVLATGLRNSPQREIRRKKRGLFGAIAGFIEGGWQGMVDGWYGYHHSNEQGSGYAADKESTQKAIDGVTNKVNSIIDKMNTQFEAVGREFNNLERRIENLNKKMEDGFLDVWTYNAELLVLMENERTLDFHDSNVKNLYDKVRLQLRDNAKELGNGCFEFYHKCDNECMESVRNGTYDYPQYSEEARLKREEISGVKLESIGTYQILSIYSTVASSLALAIMVAGLSLWMCSNGSLQCRICI
8,A/Viet Nam/1203/2004,1,MEKIVLLFAIVSLVKSDQICIGYHANNSTEQVDTIMEKNVTVTHAQDILEKKHNGKLCDLDGVKPLILRDCSVAGWLLGNPMCDEFINVPEWSYIVEKANPVNDLCYPGDFNDYEELKHLLSRINHFEKIQIIPKSSWSSHEASLGVSSACPYQGKSSFFRNVVWLIKKNSTYPTIKRSYNNTNQEDLLVLWGIHHPNDAAEQTKLYQNPTTYISVGTSTLNQRLVPRIATRSKVNGQSGRMEFFWTILKPNDAINFESNGNFIAPEYAYKIVKKGDSTIMKSELEYGNCNTKCQTPMGAINSSMPFHNIHPLTIGECPKYVKSNRLVLATGLRNSPQRERRRKKRGLFGAIAGFIEGGWQGMVDGWYGYHHSNEQGSGYAADKESTQKAIDGVTNKVNSIIDKMNTQFEAVGREFNNLERRIENLNKKMEDGFLDVWTYNAELLVLMENERTLDFHDSNVKNLYDKVRLQLRDNAKELGNGCFEFYHKCDNECMESVRNGTYDYPQYSEEARLKREEISGVKLESIGIYQILSIYSTVASSLALAIMVAGLSLWMCSNGSLQCRICI
9,A/crow/Osaka/102/2004(H5N1),2.5,MEKIVLLLAIVSLVKSDQICIGYHANNSTEQVDTIMEKNVTVTHAQDILEKTHNGKLCDLDGVKPLILRDCSVAGWLLGNPMCDEFINVPEWSYIVEKANPSNDLCYPGNFNDYEELKHLLSRINHFEKIQIIPKSSWPDHEASSGVSSACPYQGRSSFFRNVVWLIKKNSAYPTIKRSYNNTNQEDLLVLWGIHHPNDAAEQTRLYQNPTTYISVGTSTLNQRLVPKIATRSKVNGQSGRMEFFWTILKPNDAISFESNGNFIAPEYAYKIVKKGDSAIMKSELEYGNCNTKCQTPMGAINSSMPFHNIHPLTIGECPKYVKSSRLVLATGLRNSPQRERRKKRGLFGAIAGFIEGGWQGMVDGWYGYHHSNEQGSGYAADKESTQKAIDGVTNKVNSIIDKMNTQFEAVGREFNNLERRIENLNKKMEDGFLDVWTYNAELLVLMENERTLDFHDSNVKNLYDKVRLQLRDNAKELGNGCFEFYHRCDNECIESVRNGTYDYPQYSEEARLKREEISGVKLESIGTYQILSIYSTVASSLALAIMVAGLSLWMCSNGSLQCRICI
10,A/duck/Hunan/70/2004,2.3.1,MEKIVLLLAIVSLVKSDQICIGYHANNSTEQVDTIMEKNVTVTHAQDILEKTHNGKLCDLDGVKPLILRDCSVAGWLLGNPMCDEFINVPEWSYIVEKANPANDLCYPGNFNDYEELKHLLSRINHFEKIQIIPKSSWSDHEASSGVSSACPYQGNSSFFRNVVWLIKKNNAYPTIKRSYNNTNQEDLLVLWGIHHSNDAAEQTRLYQNPTTYISVGTSTLNQRLVPKIATKSKVNGQSGRMDFFWTILKPNDAINFESNGNFIAPEYAYKIVKKGDSAIMKSEVEYGNCNTKCQTPMGAINSSMPFHNIHPLTIGECPKYVKSNKLVLATGLRNSPQRERRRKRGLFGAIASFIKGGWQGMVDGWYGYHHSNEQGSGYAADKESTQKAIDGVTNKVNSIIDKMNTQFEAVGREFNNLERRIENLNKKMEDGFLDVWTYNAELLVLMENERTLDFHDSNVKNLYDKVRLQLRDNAKELGNGCFEFYHKCDNECMESVRNGTYDYPQYSEEARLKREEISGVKLESIGTYQILSIYSTVASSLALAIMVAGLSLWMCSNGSLQCRICI
11,A/goose/Guangdong/72/2004,9,MEKIVLLLAIVSLVKSDQICIGYHANNSTEQVDTIMEKNVTVTHAQDILEKTHNGKLCDLDGVKPLILRDCSVAGWLLGNPMCDEFINVPEWSYIVEKASPANDLCYPGDFNDYEELKHLLSRINHFEKIQIIPKSSWSNHEASSGVSSACPYLGKPSFFRNVVWLIKKNSAYPTIKRSYNNTNQEDLLVLWGIHHPNDAAEQTKLYQNPTTYISVGTSTLNQRLVPKIATRSKVNGQSGRMECFWTILKPNDAINFESNGNFIAPEYAYKIVKKGDSAIMKSELEYGNCNTKCQTPMGAINSSMPFHNIHPLTIGECPKYVKSNRLVLATGLRNSPQRERRRKKRGLFGAIAGFIEGGWQGMVDGWYGYHHSNEQGSGYAADKESTQKAIDGVTNKVNSIIDKMNTQFEAVGREFNNLERRIENLNKKMEDGFLDVWTYNAELLVLMENERTLDFHDSNVKNLYDKVRLQLRDNAKELGNGCFEFYHKCDNDCMESVRNGTYDYPQYSEEARLKREEISGVKLESIGTYQILSIYSTVASSLALAIMVAGLSLWMCSNGSLQCRICI
12,A/swine/Anhui/ca/2004,6,MEKIVLLLAIVSLVKSDQICIGYHANNSTEQVDTIMEKNVTVTHAQDILEKTHNGKLCDLDGVKPLILRDCSVAGWLLGNPMCDEFINVPEWSYIVEKASPANDLCYPGDFNDYEELKHLLSRINHFEKIQIIPKSSWSNHEASSGVSAACPYQGSPSFFRNVVWLIKKNSAYPTIKRSYNNTNQEDLLVLWGIHHPNDAAEQTKLYQNPTTYISVGTSTLNQRLVPKIATRSKVNGQSGRMEFFWTILKPNDAINFESNGNFIAPEYAYKIVKKGDSAIMKSELEYGNCNTKCQTPMGAINSSMPFHNIHPLTIGECPKYVKSNRLVLATGLRNSPQRERRRKKRGLFGAIAGFIEGGWQGMVDGWYGYHHSNEQGSGYAADKESTQKAIDGVTNKVNSIIDKMNTQFEAVGREFNNLERRIENLNKKMEDGFLDVWTYNAELLVLMENERTLDFHDSNVKNLYDKVRLQLRDNAKELGNGCFEFYHKCDNECMESVRNGTYDYPQYSEEARLNREEISGVKLESIGTYQILSIYSTVASSLALAIMVSGLSLWMCSNGSLQCRICI
13,A/Viet Nam/1194/2004,1,MEKIVLLFAIVSLVKSDQICIGYHANNSTEQVDTIMEKNVTVTHAQDILEKTHNGKLCDLDGVKPLILRDCSVAGWLLGNPMCDEFINVPEWSYIVEKANPVNDLCYPGDFNDYEELKHLLSRINHFEKIQIIPKSSWSSHEASLGVSSACPYQGKSSFFRNVVWLIKKNSTYPTIKRSYNNTNQEDLLVLWGIHHPNDAAEQTKLYQNPTTYISVGTSTLNQRLVPRIATRSKVNGQSGRMEFFWTILKPNDAINFESNGNFIAPEYAYKIVKKGDSTIMKSELEYGNCNTKCQTPMGAINSSMPFHNIHPLTIGECPKYVKSNRLVLATGLRNSPQRERRRKKRGLFGAIAGFIEGGWQGMVDGWYGYHHSNEQGSGYAADKESTQKAIDGVTNKVNSIIDKMNTQFEAVGREFNNLERRIENLNKKMEDGFLDVWTYNAELLVLMENERTLDFHDSNVKNLYDKVRLQLRDNAKELGNGCFEFYHKCDNECMESVRNGTYDYPQYSEEARLKREEISGVKLESIGIYQILSIYSTVASSLALAIMVAGLSLWMCSNGSLQCRICI
14,A/Anhui/1/2005,2.3.4,MEKIVLLLAIVSLVKSDQICIGYHANNSTEQVDTIMEKNVTVTHAQDILEKTHNGKLCDLDGVKPLILRDCSVAGWLLGNPMCDEFINVPEWSYIVEKANPANDLCYPGNFNDYEELKHLLSRINHFEKIQIIPKSSWSDHEASSGVSSACPYQGTPSFFRNVVWLIKKNNTYPTIKRSYNNTNQEDLLILWGIHHSNDAAEQTKLYQNPTTYISVGTSTLNQRLVPKIATRSKVNGQSGRMDFFWTILKPNDAINFESNGNFIAPEYAYKIVKKGDSAIVKSEVEYGNCNTKCQTPIGAINSSMPFHNIHPLTIGECPKYVKSNKLVLATGLRNSPLRERRRKRGLFGAIAGFIEGGWQGMVDGWYGYHHSNEQGSGYAADKESTQKAIDGVTNKVNSIIDKMNTQFEAVGREFNNLERRIENLNKKMEDGFLDVWTYNAELLVLMENERTLDFHDSNVKNLYDKVRLQLRDNAKELGNGCFEFYHKCDNECMESVRNGTYDYPQYSEEARLKREEISGVKLESIGTYQILSIYSTVASSLALAIMVAGLSLWMCSNGSLQCRICI
15,A/Chicken/Indonesia/Wates130/2005,2.1.3.1,MEKIVLLLAIVSLVKSDQICIGYHANNSTEQVDTIMEKNVTVTHAQDILEKTHNGKLCDLDGVKPLILRDCSVAGWLLGNPMCDEFINVPEWSYIVEKASPANDLCYPGSFNDYEELKHLLSRINHFEKIQIIPKSSWSDHEASSGVSSACPYLGSPSFFRNVVWLIKKNSTYPTIKKSYNNTNQEDLLVLWGIHHPNDAAEQTRLYQNPTTYISVGTSTLNQRSVPKIATRSKVNGQSGRMEFFWTILEPNDAINFESNGNFIAPEYAYKIVKKGDSAVMKSELEYGNCNTKCQTPMGAINSSMPFHNIHPLTIGECPKYVKSNRLVLATGLRNSPQRERRRKKRGLFGAIAGFIEGGWQGMVDGWYGYHHSNEQGSGYAADKESTQKAIDGVTNKVNSIIDKMNTQFEAVGREFNNLERRIENLNKKMEDGFLDVWTYNAELLVLMENERTLDFHDSNVKNLYDKVRLQLRDNAKELGNGCFEFYHKCDNECMESIRNGTYNYPQYSEEARLKREEISGVKLESIGTYQILSIYSTVASSLALAIMMAGLSLWMCSNGSLQCRICI
16,A/goose/Fujian/bb/2003,4,MEKIVLLLAIVSLVKSDQICIGYHANNSTVQVDTIMEKNVTVTHAQDILEKTHNGKLCDLDGVKPLILRDCSVAGWLLGNPMCDEFINVPEWSYIVEKASPANDICYPGDFNDYEELKHLLSRINHFEKIQIIPKSSWPNHEASLGVSSACPYQGKSSFFRNVVWLIKKNNAYPTIKKSYNNTNQEDLLVLWGIHHPNDAAEQIKLYQNPNTYISVGTSTLNQRLVPKIATRSKVNGQSGRMEFFWTILKPNDAINFESNGNFIAPEYAYKIVKKGDSAIMKSELEYGNCNTKCQTPMGAINSSMPFHNIHPITIGECPKYVKSNRLVLATGLRNAPQRERRRKKRGLFGAIAGFIEGGWQGMVDGWYGYHHSNEQGSGYAADKESTQKAIDGVTNKVNSIIDKMNTQFEAVGREFNNLERRIENLNKKMEDGFLDVWTYNAELLVLMENERTLDFHDSNVKNLYDKVRLQLRDNAKELGNGCFEFYHKCDDECMESVKNGTYDYPQYSEEARLNREEISGVKLESMGTYQILSIYSTVASSLALAIMVAGLSLWMCSNGSLQCRICI
17,A/Indonesia/5/2005,2.1.3.2,MEKIVLLLAIVSLVKSDQICIGYHANNSTEQVDTIMEKNVTVTHAQDILEKTHNGKLCDLDGVKPLILRDCSVAGWLLGNPMCDEFINVPEWSYIVEKANPTNDLCYPGSFNDYEELKHLLSRINHFEKIQIIPKSSWSDHEASSGVSSACPYLGSPSFFRNVVWLIKKNSTYPTIKKSYNNTNQEDLLVLWGIHHPNDAAEQTRLYQNPTTYISIGTSTLNQRLVPKIATRSKVNGQSGRMEFFWTILKPNDAINFESNGNFIAPEYAYKIVKKGDSAIMKSELEYGNCNTKCQTPMGAINSSMPFHNIHPLTIGECPKYVKSNRLVLATGLRNSPQRESRRKKRGLFGAIAGFIEGGWQGMVDGWYGYHHSNEQGSGYAADKESTQKAIDGVTNKVNSIIDKMNTQFEAVGREFNNLERRIENLNKKMEDGFLDVWTYNAELLVLMENERTLDFHDSNVKNLYDKVRLQLRDNAKELGNGCFEFYHKCDNECMESIRNGTYNYPQYSEEARLKREEISGVKLESIGTYQILSIYSTVASSLALAIMMAGLSLWMCSNGSLQCRICI
18,A/duck/Novosibirsk/56/2005,2.2,MEKIVLLLAIVSLVKSDQICIGYHANNSTEQVDTIMEKNVTVTHAQDILEKTHNGKLCDLDGVKPLILRDCSVAGWLLGNPMCDEFLNVPEWSYIVEKINPANDLCYPGNFNDYEELKHLLSRINHFEKIQIIPKSSWSDHEASSGVSSACPYQGRSSFFRNVVWLIKKNNAYPTIKRSYNNTNQEDLLVLWGIHHPNDAAEQTRLYQNPTTYISVGTSTLNQRLVPKIATRSKVNGQSGRMEFFWTILKPNDAINFESNGNFIAPENAYKIVKKGDSTIMKSELEYGNCNTKCQTPIGAINSSMPFHNIHPLTIGECPKYVKSNRLVLATGLRNSPQGERRRKKRGLFGAIAGFIEGGWQGMVDGWYGYHHSNEQGSGYAADKESTQKAIDGVTNKVNSIIDKMNTQFEAVGREFNNLERRIENLNKKMEDGFLDVWTYNAELLVLMENERTLDFHDSNVKNLYDKVRLQLRDNAKELGNGCFEFYHRCDNECMESVRNGTYDYPQYSEEARLKREEISGVKLESIGTYQILSIYSTVASSLALAIMVAGLSLWMCSNGSLQCRICI
19,A/chicken/Central Java/UT3091/2005,2.1.3,MEKIVLLLAIVSLVKSDQICIGYHANNSTEQVDTIMEKNVTVTHAQDILEKTHNGKLCDLDGVKPLILRDCSVAGWLLGNPMCDEFINVPEWSYIVEKANPANDLCYPGNFNDYEELKHLLSRINHFEKIQIIPKSSWSDHEASSGVSSACPYLGTPSFFRNVVWLIKKNSTYPTIKRSYNNTNQEDLLVLWGIHHPNDAAEQTRLYQNPTTYISVGTSTLNQRLVPKIATRSKVNGQSGRMEFFWTILKPNDAINFESNGNFIAPEYAYKIVKKGDSAIMKSELEYGNCNTKCQTPMGAINSSMPFHNIHPLTIGECPKYVKSNRLVLATGLRNSPQRERRKKRGLFGAIAGFIEGGWQGMVDGWYGYHHSNEQGSGYAADKESTQKAIDGVTNKVNSIIDKMNTQFEAVGREFNNLERRIENLNKKMEDGFLDVWTYNAELLVLMENERTLDFHDSNVKNLYDKVRLQLKDNAKELGNGCFEFYHKCDDECMESVRNGTYNYPQYSEEARLKREEISGVKLESIGIYQILSIYSTVASSLALAIMMAGLSLWMCSNGSLQCRICI
20,A/turkey/Turkey/1/2005,2.2.1,MEKIVLLLAIVSLVKSDQICIGYHANNSTEQVDTIMEKNVTVTHAQDILEKTHNGKLCDLDGVKPLILRDCSVAGWLLGNPMCDEFLNVPEWSYIVEKINPANDLCYPGNFNDYEELKHLLSRINHFEKIQIIPKSSWSDHEASAGVSSACPYQGRSSFFRNVVWLIKKDNAYPTIKRSYNNTNQEDLLVLWGIHHPNDAAEQTRLYQNPTTYISVGTSTLNQRLVPKIATRSKVNGQSGRMEFFWTILKPNDAINFESNGNFIAPENAYKIVKKGDSTIMKSELEYGNCNTKCQTPIGAINSSMPFHNIHPLTIGECPKYVKSSRLVLATGLRNSPQGERRRKKRGLFGAIAGFIEGGWQGMVDGWYGYHHSNEQGSGYAADKESTQKAIDGVTNKVNSIIDKMNTQFEAVGREFNNLERRIENLNKKMEDGFLDVWTYNAELLVLMENERTLDFHDSNVKNLYDKVRLQLRDNAKELGNGCFEFYHRCDNECMESVRNGTYDYPQYSEEARLKREEISGVKLESIGTYQILSIYSTVASSLALAIMVAGLSLWMCSNGSLQCRICI
21,A/whooper swan/Mongolia/244/2005,2.2,MEKIVLLLAIVSLVKSDQICIGYHANNSTEQVDTIMEKNVTVTHAQDILEKTHNGKLCDLDGVKPLILRDCSVAGWLLGNPMCDEFLNVPEWSYIVEKINPANDLCYPGNFNDYEELKHLLSRINHFEKIQIIPKSSWSDHEASSGVSSACPYQGRSSFFRNVVWLIKKDNAYPTIKRSYNNTNQEDLLVLWGIHHPNDAAEQTRLYQNPTTYISVGTSTLNQRLVPKIATRSKVNGQSGRMEFFWTILKPNDAINFESNGNFIAPENAYKIVKKGDSTIMKSELEYGNCNTKCQTPIGAINSSMPFHNIHPLTIGECPKYVKSNRLVLATGLRNSPQGERRRRKRGLFGAIAGFIEGGWQGMVDGWYGYHHSNEQGSGYAADKESTQKAIDGVTNKVNSIIDKMNTQFEAVGREFNNLERRIENLNKKMEDGFLDVWTYNAELLVLMENERTLDFHDSNVKNLYDKVRLQLRDNAKELGNGCFEFYHRCDNECMESVRNGTYDYPQYSEEARLKREEISGVKLESIGTYQILSIYSTVASSLALAIMVAGLSLWMCSNGSLQCRICI
22,A/Japanese_white-eye/Hong_Kong/1038/2006,2.3.4,MEKIVLFLAIVSLVKSDQICIGYHANNSTEQVDTIMEKNVTVTHAQDILEKTHNGKLCDLDGVKPLILRDCSVAGWLLGNPMCDEFINVPEWSYIVEKANPANDLCYPGNFNDYEELKHLLSRINHFEKIQIIPKSSWSDHEASSGVSSACPYQGTPSFFRNVVWLIKKNNKYPTIKRSYNNTNQEDLLILWGIHHSNDAAEQTKLYQNPTTYISVGTSTLNQRLVPKIATRSKVNGQSGRMDFFWTILKPNDAINFESNGNFIAPEYAYKIVKTGDSAIMKSEVEYGNCNTKCQTPIGAINSSMPFHNIHPLTIGECPKYVKSNKLVLATGLRNSPLRERRRKRGLFGAIAGFIEGGWQGMVDGWYGYHHSNEQGSGYAADKESTQKAIDGVTNKVNSIIDKMNTQFEAVGREFNNLERRIENLNKKMEDGFLDVWTYNAELLVLMENERTLDFHDSNVKNLYDKVRLQLRDNAKELGNGCFEFYHKCDNECMESVRNGTYDYPQYSEEARLKREEISGVKLESIGTYQILSIYSTVASSLALAIMVAGLSLWMCSNGSLQCRICI
23,A/chicken/Nandurbar/7966/2006,2.2,MEKIVLLLAIVSLVKSDQICIGYHANNSTEQVDTIMEKNVTVTHAQDILEKTHNGKLCDLDGVKPLILRDCSVAGWLLGNPMCDEFLNVPEWSYIVEKINPANDLCYPGNFNDYEELKHLLSRINHFEKIQIIPKSSWSDHEASSGVSSACPYQGRSSFFRNVVWLIKKNDAYPTIKRSYNNTNQEDLLVLWGIHHPNDAAEQTRLYQNPTTYISVGTSTLNQRLVPKIATRSKVNGQSGRMEFFWTILKPNDAINFESNGNFIAPENAYKIVKKGDSTIMKSELEYGNCNTKCQTPIGAINSSMPFHNIHPLTIGECPKYVKSNRLVLATGLRNSPQGERRRKKRGLFGAIAGFIEGGWQGMVDGWYGYHHSNEQGSGYAADKESTQKAIDGVTNKVNSIIDKMNTQFEAVGREFNNLERRIENLNKKMEDGFLDVWTYNAELLVLMENERTLDFHDSNVKNLYDKVRLQLRDNAKELGNGCFEFYHRCDNECMESVRNGTYDYPQYSEEARLKREEISGVKLESIGTYQILSIYSTVASSLALAIMVAGLSLWMCSNGSLQCRICI
24,A/chicken/Shanxi/2/2006,7.2,MEKIVLLLAIIGLVKSDQICVGYHANNSTEQVDTIMEKNVTVTHAQDILEKTHNGKLCNLDGVKPLILKDCSVAGWLLGNPMCDEFLNVSEWSYIVEKASPANGLCYPGDFNDYEELKHLLSRINHFEKIKIIPKSSWSNHEASGVSSACSYLGKPSFFRNLVWLIKKNNTYPPIKVNYTNTNQEDLLVLWGIHHPNDETEQVKIYQNPTTYISVGTSTLNQRLVPKIATRSKVNGQSGRMEFFWTILKPNDAINFDSNGNFIAPEYAYKIVKKGDSAIMKSELEYGNCNTKCQTPMGAINSSMPFHNIHPLTIGECPKYVKSNRLVLATGLRNAPQREGGRRKRGLFGAIAGFIEGGWQGMVDGWYGYHHSNEQGSGYAADKESTQKAIDGITNKVNSIIDKMNTQFEAVGREFNNLERRIENLNKKMEDGFLDVWTYNAELLVLMENERTLDFHDSNVKNLYEKVRLQLRDNAKELGNGCFEFYHKCDNECMESVKNGTYDYPQYSEEARLNREEISGVKLESMVTYQILSIYSTVASSLALAIMVAGLSLWMCSNGSLQCRICI
25,A/duck/Laos/3295/2006,2.3.4,MEKIVLLLAIVSLVKSDQICIGYHANNSTEQVDTIMEKNVTVTHAQDILEKTHNGKLCDLDGVKPLILRDCSVAGWLLGNPMCDEFINVPEWSYIVEKANPANDLCYPGNFNDYEELKHLLSRINHFEKIQIIPKSSWSDHEASSGVSSACPYQGTPSFFRNVVWLIKKNNTYPTIKRSYNNTNQEDLLILWGIHHSNDAAEQTKLYQNPTTYISVGTSTLNQRLVPKIATRSKVNGQSGRMDFFWTILKPNDAINFESNGNFIAPEYAYKIVKKGDSAIIKSEVEYGNCNTKCQTPIGAINSSMPFHNIHPLTIGECPKYVKSNKLVLATGLRNSPLRERRRKRGLFGAIAGFIEGGWQGMVDGWYGYHHSNEQGSGYAADKESTQKAIDGVTNKVNSIIDKMNTQFEAVGREFNNLERRIENLNKKMEDGFLDVWTYNAELLVLMENERTLDFHDSNVKNLYDKVRLQLRDNAKELGNGCFEFYHKCDNECMESVRNGTYDYPQYSEEARLKREEISGVKLESIGTYQILSIYSTVASSLALAIMVAGLSLWMCSNGSLQCRICI
26,A/goose/Guiyang/337/2006,4,MEKIVLLLAIISLVKSDQICIGYHANNSTVQVDTIMEKNVTVTHAQDILEKTHNGKLCSLDGVKPLILRDCSVAGWLLGNPMCDEFINVPEWSYIVEKASPANDLCYPGDFNDYEELKHLLSRINHFEKIQIIPKSSWPNHEASLGVSSACPYLGESSFFRNVVWLIKKNSSYPTIKRSYNNTNQEDLLVLWGIHHPNDAAEQIKLYQNPNTYISVGTSTLNQRLVPTIATRSKVNGQSGRMEFFWTILKPNDAINFESNGNFIAPEYAYKIVKKGDSAIMKSELEYGNCNTKCQTPMGAINSSMPFHNIHPLTIGECPKYVKSNRLVLATGLRNTLQRERRRKKRGLFGAIAGFIEGGWQGMVDGWYGYHHSNEQGSGYAADKESTQKAIDGITNKVNSIINKMNTQFEAVGREFSNLERRIENLNKKMEDGFLDVWTYNAELLVLMENERTLDFHDSNVKNLYDKVRLQLRDNAKELGNGCFEFYHKCDDECMESVKNGTYDYPQYSEEARLNREEINGVKLESMGTYQILSIYSTVASSLALAIMVAGLSLWMCSNGSLQCRICI
27,A/Cambodia/R0405050/2007,1.1,MEKIVLLFAIVSLVKSDQICIGYHANNSTEQVDTIMEKNVTVTHAQDILEKTHNGKLCDLDGVKPLILRDCSVAGWLLGNPMCDEFINVPEWSYIVEKANPVNDLCYPGDFNDYEELKHLLSRINHFEKIQIIPKSSWPSHEASLGVSAACPYQGKSSFFRNVVWLIKKNNTYPTIKRSYNNTNQEDLLVMWGIHHPNDAAEQTNLYQNPTTYISVGTSTLNQRLTPRIATRSKVNGQSGRMEFFWTILKPNDAINFESNGNFIAPEYAYKIVKKGDSTIMKSELEYGNCNTKCQTPMGAINSSMPFHNIHPLTIGECPKYVKSNRLVLATGLRNSPQREGRRKKRGLFGAIAGFIEGGWQGMVDGWYGYHHSNEQGSGYAADKESTQKAIDGVTNKVNSIIDKMNTQFEAVGREFNNLERRIENLNKKMEDGFLDVWTYNAELLVLMENERTLDFHDSNVKNLYDKVRLQLRDNAKELGNGCFEFYHKCDNECMESVRNGTYDYPQYSEEARLKREEISGVKLESIGIYQILSIYSTVASSLALAIMVAGLSLWMCSNGSLQCKICI
28,A/Egypt/2321-NAMRU3/2007,2.2.1,MEKIVLLLAIVSLVKSDQICIGYHANNSTEQVDTIMEKNVTVTHAQDILEKTHNGKLCDLDGVKPLILRDCSVAGWLLGNPMCDEFLNVPEWSYIVEKINPANDLCYPGDFNDYEELKHLLSRINHFEKIQIIPKSSWSDYEASSGVSSACPYQGRSSFFRNVVWLIKKNNAYPTIKRSYNNTNQEDLLVLWGIHHPNDAAEQIRLYQNPTTYISVGTSTLNQRLVPKIATRSKVNGQSGRMEFFWTILKSNDAINFESNGNFIAPEYAYKIVKKGDSTIMKSELEYGNCNTKCQTPIGAINSSMPFHNIHPLTIGECPKYVKSNRLVLATGLRNSPQGERRRRKRGLFGAIAGFIEGGWQGMVDGWYGYHHSNEQGSGYAADKESTQKAIDGVTNKVNSIINKMNTQFEAVGREFNNLERRIENLNKKMEDGFLDVWTYNAELLVLMENERTLDFHDSNVKNLYDKVRLQLRDNAKELGNGCFEFYHRCDNECMESVRNGTYDYPQYSEEARLKREEISGVKLESIGIYQILSIYSTVASSLALAIMVAGLFLWMCSNGSLQCRICI
29,A/common_magpie/Hong_Kong/5052/2007,2.3.2.1,MEKIVLLFAIVSLVKSDHICIGYHANNSTEQVDTIMEKNVTVTHAQDILEKTHNGKLCDLNGVKPLILKDCSVAGWLLGNPMCDEFINVPEWSYIVEKANPANDLCYPGNFNDYEELKHLLSRINHFEKIQIIPKDSWSDHEASLGVSSACPYQGNSSFFRNVVWLIKKGNAYPTIKKSYNNTNQEDLLVLWGIHHPNDEAEQTRLYQNPTTYISIGTSTLNQRLVPKIATRSKVNGQSGRIDFFWTILKPNDAINFESNGNFIAPEYAYKIVKKGDSTIMKSEVEYGNCNTRCQTPMGAINSSMPFHNIHPLTIGECPKYVKSNKLVLATGLRNSPQRERRRKRGLFGAIAGFIEGGWQGMVDGWYGYHHSNEQGSGYAADKESTQKAIDGVTNKVNSIIDKMNTQFEAVGREFNNLERRIENLNKKMEDGFLDVWTYNAELLVLMENERTLDFHDSNVKNLYDKVRLQLRDNAKELGNGCFEFYHKCDNECMESVRNGTYDYPQYSEEARLKREEISGVKLESIGTYQILSIYSTVASSLVLAIMVAGLSSWMCSNGSLQCRICI
30,A/chicken/Egypt/7NLQP-CLEVB305/2008,2.2.1.1,MEKIVLLLAIVSLVKSDQICIGYHANNSTEQVDTIMEKNVTVTHAQDILEKTHNGKLCDLDGVKPLILRDCSVAGWLLGNPMCDEFLNVSEWSYIVEKINPANDLCYPGNFNNYEELKHLLSRINRFEKIQIIPKSSWPDHEASLGVSSACPYQGGPSFYRNVVWLIKKNNTYPTIKKSYHNTNQEDLLVLWGIHHPNDEAEQTRIYKNPTTYISVGTSTLNQRLVPKIATRSKVNGQSGRVEFFWTILKSNDTINFESNGNFIAPENAYKIVKKGDSTIMKSELEYGNCNTKCQTPIGAINSSMPFHNIHPLTIGECPKYVKSNRLVLATGLRNSPQGERRRKKRGLFGAIAGFIEGGWQGMVDGWYGYHHSNEQGSGYAADKESTQKAIDGVTNKVNSIIDKMNTQFEAVGREFNNLERRIENLNKKMEDGFLDVWTYNAELLVLMENERTLDFHDSNVKNLYDKVRLQLRDNAKELGNGCFEFYHRCDNECMESVRNGTYDYPQYSEEARLKREEISGVKLESIGTYQILSIYSTVASSLALAIMVAGLFLWMCSNGSLQCRICI
31,A/chicken/Vietnam/NCVD-016/2008,7.1,MEKIVLLLAMIGLVKSDQICIGYHANNSTEQVDTIMEKNVTVTHAQDILEKTHNGKLCNLDGVKPLILKDCSVAGWLLGNPMCDEFLNVSEWSYIVEKASPANGLCYPGDFNDYEELKHLLSRINHLKKIKIIPKSYWSNHEASSGVSAACSYLGEPSFFRNVVWLIKKNNTYPPIKVNYTNTNQEDLLVLWGIHHPNDEKEQIRIYQNPNTSISVGTSTLNQRLVPKIATRPKVNGQSGRMEFFWTILKPNDSINFDSNGNFIAPEYAYKIAKKGDSVIMKSELEYGNCNTKCQTPMGAINSSMPFHNIHPLTIGECPKYVKSNRLVLATGLRNAPQREGGRRRKRGLFGAIAGFIEGGWQGMVDGWYGYHHSNEQGSGYAADKESTQKAIDGITNKVNSIIDKMNTQFEIVGREFNNLERRIENLNKKMEDGFLDVWTYNAELLVLMENERTLDFHDSNVKNLYEKVRLQLRDNAKELGNGCFEFYHKCDNECMESVRNGTYDYPQYSEEARLSREEISGVKMESMVTYQILSIYSTVASSLALAIMVAGLSLWMCSNGSLQCRICI
32,A/chicken/Vietnam/NCVD-03/2008,7.1,MEKIVLLLAIISLVKSDQICIGYHANNSTEQVDTIMEKNVTVTHAQDILEKTHNGKLCNLDGVKPLILKDCSVAGWLLGNPMCDEFLNVSEWSYIVEKASPANGLCYPGDFNDYEELKHLLNRITHLKKIKIIPKSYWSNHEASSGVSAACSYMGEPSFFRNVVWLIKKNNTYPPIKVNYTNTNQEDLLVLWGIHHPNNEAEQIQIYQNLITHISVGTSTLNQRLIPKIATRSKVNGQSGRMEFFWTILKPNDSINFDSNGNFIAPEYAYIVKKGDSAIMKSELEYGNCNTKCQTPMGAINSSMPFHNIHPLTIGECPKYVKSNRLVLATGLRNAPQREREGGRRRKRGLFGAIAGFIEGGWQGMVDGWYGYHHSNEQGSGYAADKESTQKAIDGITNKVNSIIDKMNTQFEAVGREFNNLERRIENLNKKMEDGFLDVWTYNAELLVLMENERTLDFHDSNVKNLYEKVRLQLRDNAKELGNGCFEFYHKCDNECMESVRNGTYDYSQYSEEARLSREEINGVKLESMVTYQILSIYSTVASSLALAIMVAGLSLWMCSNGSLQCRICI
33,A/goose/Egypt/10209SF/2010,2.2.1,MEKIVLLLAIVSLVKSDQICIGYHANNSTEQVDTIMEKNVTVTHAQDILEKTHNGKLCNLDGVKPLILRDCSVAGWLLGNPMCDEFLNVPEWSYIVEKINPANDLCYPGNFNDYEELKHLLSRINHFEKIQIIPKSSWSDHEASGVSSACPYQGRSSFFRNVVWLTKKDNAYPTIKRSYNNTNQEDLLVLWGIHHPNDAAEQTRLYQNPTTYISVGTSTLNQRLVPKIATRSKVNGQSGRMEFFWTILKSNDAINFESNGNFIAPENAYKIVKKGDSTIMKSELEYGNCNTKCQTPIGAINSSMPFHNIHPLTIGECPKYVKSNRLVLATGLRNSPQGERRRKKRGLFGAIAGFIEGGWQGMVDGWYGYHHSNEQGSGYAADKESTQKAIDGVTNKVNSIIDKMNTQFEAVGREFNNLERRIENLNKKMEDGFLDVWTYNAELLVLMENERTLDFHDSNVKNLYDKVRLQLRDNAKELGNGCFEFYHRCDNECMESVRNGTYDYPQYSEEARLKREEISGVKLESIGTYQILSIYSTVASSLALAIMVAGLFLWMCSNGSLQCRICI
34,A/Hubei/1/2010,2.3.2.1a,MEKIVLLFATISLVKSDHICIGYHANNSTEQVDTIMEKNVTVTHAQDILEKTHNGKLCDLNGVKPLILKDCSVAGWLLGNPMCDEFINVPEWSYIVEKANPANDLCYPGNFNDYEELKHLLSRINHFEKIQIIPKNSWSDHEASLGVSAACPYQGKSSFFRNVVWLIKKDNAYPTIKKGYNNTNQEDLLVLWGIHHPNDEAEQTRLYQNPTTYISIGTSTLNQRLVPKIATRSKINGQSGRIDFFWTILKPNDAIHFESNGNFIAPEYAYKIVKKGDSTIMKSEVEYGNCNTRCQTPIGAINSSMPFHNIHPLTIGECPKYVKSNKLVLATGLRNSPQRERRRKRGLFGAIAGFIEGGWQGMVDGWYGYHHSNEQGSGYAADKESTQKAIDGVTNKVNSIIDKMNTQFEAVGREFNNLERRIENLNKKMEDGFLDVWTYNAELLVLMENERTLDFHDSNVRNLYDKVRLQLKDNAKELGNGCFEFYHKCDNECMESVRNGTYDYPQYSEEARLKREEISGVKLESIGIYQILSIYSTVASSLVLAIMMAGLSLWMCSNGSLQCRICI
35,A/barn swallow/Hong Kong/1161/2010,2.3.2.1b,MEKIVLLFAIISLVKSDHICIGYHANNSTEQVDTIMEKNVTVTHAQDILEKTHNGKLCDLNGVKPLILKDCSVAGWLLGNPMCDEFIDVPEWSYIVEKANPANDLCYPGNFNDYEELKHLLSRINHFEKIRIIPKDSWPDHEASLGVSAACSYQGNSSFFRNVVWLLKKDNAYPIIKKSYNNTNKEDLLVLWGIHHPNDEAEQTRLYQNPTTYVSIGTSTLNQRLVPRIATRSKVNGQSGRIDFFWTILKPNDAINFESNGNFIAPEYAYKIVKKGDSTIMRSEVEYGNCSTRCQTPMGAINSSMPFHNIHPLTIGECPKYVKSNKLVLATGLRNSPQIERRRRKRGLFGAIAGFIEGGWQGMVDGWYGYHHSNEQGSGYAADKESTQKAIDGVTNKVNSIIDKMNTQFEAVGREFNNLERRIENLNKKMEDGFLDVWTYNAELLVLMENERTLDFHDSNVKNLYDKVRLQLRDNAKELGNGCFEFYHKCDNECMESVRNGTYDYPQYSEEARLKREEISGVKLESIGTYQILSIYSTVASSLVLAIMVAGLSLWMCSNGSLQCRICI
36,A/chicken/Egypt/Q1995D/2010,2.2.1.1a,MEKIVLLLAIVSLVKSDQICIGYHANNSTEQVDTIMEKNVTVTHAQDILEKTHNGKLCDLDGVKPLILRDCSVAGWLLGNPMCDEFPNVSEWSYIVERTNPANDLCYPGNFNNYEELKHLLSRIKRFEKIKIIPKSSWPDHEASLGVSSACPYQGGPSFYRNVVWLIKKNNTYPTIKESYHNTNQEDLLVLWGIHHPNDEEEQTRIYKNPTTYISVGTSTLNQRLVPKIATRSKVNGQSGRVEFFWTILKSNDTINFESNGNFIAPENAYKIVKKGDSTIMKSELEYSNCSTKCQTPVGAINSSMPFHNIHPLTIGECPKYVKSNRLVLATGLRNSPQGEGRRKKRGLFGAIAGFIEGGWQGMVDGWYGYHHSNEQGSGYAADRESTQKAIDGVTNKVNSIIGKMNTQFEAVGREFNNLEKRIENLNKKMEDGFLDVWTYNAELLVLMENERTLDFHDSNVKNLYDKVRLQLRDNAKELGNGCFEFYHRCDNECMESVRNGTYDYPQYSEEARLKREEISGVKLESIGTYQILSIYSTVASSLALAIIMAGLFLWMCSNGSLQCRICI
37,A/Indonesia/NIHRD11771/2011,2.1.3.2a,MEKITLLLSIVSLVKSDQICIGYHANNSTEQVDTIMEKNVTVTHAQDILEKTHNGKLCDLDGVKPLILKDCSVAGWLLGNPMCDEFINVPEWSYIVEKANPTNDLCYPGSFNDYEELKHLLSRINHFEKIQIIPKSSWSDHEASSGVSSACPYLGSPSFFRNVVWLIKKNSTYPTIKKTYNNTNQEDLLILWGIHHPNNGAEQTMLYQNPTTYISIGTSTLNQRLVPKIATRSKVNGQSGRMEFFWTILKPNDAINFESNGNFIAPEYAYKIVKKGDSAIMKSELEYGNCNTKCQTPMGAINSSMPFHNIHPITIGECPKYVKSNRLVLATGLRNSPQRESRRKKRGLFGAIAGFIEGGWQGMVDGWYGYHHSNEQGSGYAADKESTQKAIDGVTNKVNSIIDKMNTQFEAVGREFSNLERRIENLNKKMEDGFLDVWTYNAELLVLMENERTLDFHDSNVKNLYDKVRLQLRDNAKELGNGCFEFYHKCDNECMESIRNGTYNYPQYSEEARLKREEISGVKLESIGTYQILSIYSTVASSLALAIMIAGLSLWMCSNGSLQCRICI
38,A/chicken/Bangladesh/11rs1984-30/2011,2.3.4.2,MEKIVLLLAMISFVGSDQICIGYHANNSTEQVDTIMEKNVTVTHAQDILEKTHNGKLCDLDGVKPLILRDCSVAGWLLGNPMCDEFINVPEWSYIVEKANPANDLCYPGNLNEYEELKHLLSRINHFEKIQIIPKSSWSDHEASLGVSSACPYLGTPSFFRNVVWLIKKNNTYPTIKRSYNNTNQEDLLILWGIHHPNNEAEQIQLYQNPTTYISVGTSTLNQRLVPKIATRSKVNGQSGRMDFFWTILKPDDAINFESNGNFIAPEYAYKIVKKGDSAIMKSDVEYGNCNTKCQTPVGAINSSMPFHNIHHLTIGECPKYVKSNKLVLATGLRNSALREKRRKRGLFGAIAGFIEGGWQGMVDGWYGYHHSNEQGSGYAADKESTQKAIDGVTNKVNSIIDKMNTQFEAVGREFNNLERRIENLNKKMEDGFLDVWTYNAELLVLMENERTLDFHDSNVKNLYDKVRLQLRDNAKELGNGCFEFYHKCDNECMESVRNGTYDYPQYSEEARLKREEISGVKLESIGTYQILSIYSTVASSLALAIMVAGLSLWMCSNGSLQCRICI
39,A/duck/Tegal/BBVW-1727-11/2012,2.3.2.1g,MEKIILLFATISLVKSDHICIGYHANNSTEQVDTIMEKNVTVTHAQDILEKTHNGKLCDLNGVKPLILKDCSVAGWLLGNPLCDEFTNVPEWSYIVEKANPANDLCYPGNFNDYEELKHLLSRINHFEKIQIIPKDSWSDHEASLGVSAACSYQGNSSFFRNVVWLIKKDNAYPTIKKGYNNTNREDLLILWGIHHPNDEAEQTRLYQNPTTYISIGTSTLNQRLVPKIATRSKINGQSGRIDFFWTILKPNDAIHFESNGNFIAPEYAYKIVKKGDSTIMRSEVEYGNCNTRCQTPIGAINSSMPFHNIHPLTIGECPKYVKSNKLVLATGLRNSPQRERRRKRGLFGAIAGFIEGGWQGMVDGWYGYHHSNEQGSGYAADKESTQKAIDGVTNKVNSIIDKMNTQFEAVGREFNNLERRIENLNKKMEDGFLDVWTYNAELLVLMENERTLDFHDSNVKNLYDKVRLQLKDNAKELGNGCFEFYHKCNNECMESVRNGTYDYPQYSEEARLKREEISGVKLESIGIYQILSIYSTVASSLVLAIMMAGLSLWMCSNGSLQCRICI
40,A/duck/Vietnam/NCVD-0145/2012,2.3.2.1e,MEKIVLLFATISLVKSDHICIGYHANNSTEQVDTIMEKNVTVTHAQDILEKTHNGKLCDLNGVKPLILKDCSVAGWLLGNPLCDEFTNVPEWSYIVEKANPANDLCYPGNFNDYEELKHLLSRINHFEKIQIIPKDSWSDHEASLGVSAACSYQGNSSFFRNVVWLIKKDNAYPTIKKGYNNTNREDLLILWGIHHPNDEAEQTRLYQNPTTYISIGTSTLNQRLVPKIATRSKINGQSGRIDFFWTILKPNDAIHFESNGNFIAPEYAYKIVKKGDSTIMRSEVEYGNCNTRCQTPIGAINSSMPFHNIHPLTIGECPKYVKSNKLVLATGLRNSPQRERRRKRGLFGAIAGFIEGGWQGMVDGWYGYHHSNEQGSGYAADKESTQKAIDGVTNKVNSIIDKMNTQFEAVGREFNNLERRIENLNKKMEDGFLDVWTYNAELLVLMENERTLDFHDSNVKNLYDKVRLQLKDNAKELGNGCFEFYHKCNNECMESVRNGTYDYPQYSEEARLKREEISGVKLESIGIYQILSIYSTVASSLVLAIMMAGLSLWMCSNGSLQCRICI
41,A/Cambodia/X0810301/2013,1.1.2,MEKIVLLFAIVSLVKSDQICIGYHANNSTEQVDTIMEKNVTVTHAQDILEKTHNGKLCDLDGVRPLILRDCSVAGWLLGNPMCDEFINVPEWSYIVEKANPVNDLCYPGVFNDYEELKHLLSRINHFEKIQIIPKNSWPSHEASLGVSAACPYQGQSSFFRNVVWLIKKNNTYPTIKRSYNNTNQEDLLVMWGIHHPNDAVEQTKLYQNPTTYISVGTSTLNQRLTPRIATRSKVKGLSGRMEFFWTILKPNDAINFESNGNFIAPEYAYKIVKKGDSTIMRSELEYGNCNTKCQTPMGAINSSMPFHNIHPLTIGECPKYVKSTRLVLATGLRNSPQREERRKKRGLFGAIAGFIEGGWQGMVDGWYGYHHSNEQGSGYAADKESTQKAIDGVTNKVNSIIDKMNTQFEAVGREFNNLERRIENLNKKMEDGFLDVWTYNAELLVLMENERTLDFHDSNVKNLYDKVRLQLRDNAKELGNGCFEFYHKCDNKCMESVRNGTYDYPQYSEEARLKREEISGVKLESIGVYQILSIYSTVASSLALAIMVAGLSLWMCSNGSLQCRICI
42,A/Guizhou/1/2013,2.3.4.2,MEKIVLLLAMVSLVRSDQLCIGYHANNSTEQVDTIMEKNVTVTHAQDILERTHNGKLCDLDGVKPLILRDCSVAGWLLGNPMCDEFINVPEWSYIVEKANPANDLCYPGNLNDYEELKHLLSRINHFEKIQIIPKSSWTDHEASLGVSAACPYLGTPSFFRNVVWLIKKNNTYPTIKISYNNTNQEDLLILWGIHHSNDETEQIKLYQNPITYVSVGTSTLNQRLVPKIANRSKVNGQSGRMDFFWTILKPDDAINFESNGNFIAPEYAYKVVKKGDSAIMKSEVEYGHCNTKCQTPIGAINSSMPFHNIHPLTIGECPKYVKSNKLFLATGLRNSPLREKRRKRGLFGAIAGFIEGGWQGMVDGWYGYHHSNEQGSGYAADKESTQKAIDGVTNKVNSIIDKMNTQFEAVGREFNNLERRIENLNKKMEDGFLDVWTYNAELLVLMENERTLDFHDSNVKNLYDKVRLQLRDNAKELGNGCFEFYHKCDNECMESVRNGTYDYPQYSEEARLKREEISGVKLESIGTYQILSIYSTVASSLALAIMVAGLSLWMCSNGSLQCRICI
43,A/chicken/Egypt/Q7630D/2013,2.2.1.2,MENIVLLLAVVSIVKSDQICIGYHANNSTEQIDTIMEKNVTVTHAQDILEKTHNGKLCNLDGVKPLILRDCSVAGWLLGNPMCDEFLNVPEWSYIVEKINPANDLCYPGNFNDYEELKHLLSRINHFEKIQIIPKDSWPDHEASGVSSACSYQGISSFFRNVVWLTKKNDAYPTIKKSYNNTNQEDLLVLWGIHHPNDAAEQARLYQNPTTYISVGTSTLNQRLVPKIATRSKVNGQSGRMEFFWTILKSNDAINFESNGNFIAPENAYKIVKKGDSTIMKSELEYSNCNTKCQTPIGAINSSMPFHNIHPLTIGKCPKYVKSNRLVLATGLRNSPQGEKRRKKRGLFGAIAGFIEGGWQGMVDGWYGYHHSNEQGSGYAADKESTQKAIDGVTNKVNSIIDKMNTQFEAVGREFNNLERRIENLNKKMEDGFLDVWTYNAELLVLMENERTLDFHDSNVKNLYDKVRLQLRDNAKELGNGCFEFYHRCDNECMESVRNGTYDYPQYSEEARLKREEINGVKLESIGTYQILSIYSTVASSLALAIMVAGLFLWMCSNGSLQCRICI
44,A/duck/Bangladesh/19097/2013,2.3.2.1a,MEKIVLLFAAISLVKSDHICIGYHANNSTKQVDTIMEKNVTVTHAQDILEKTHNGKLCDLNGVKPLILKDCSVAGWLLGNPMCDEFINVPEWSYIVEKANPANGLCYPGNFNDYEELKHLLSRINHFEKIRIIPKDSWSDHEASLGVSAACPYQGNSSFFRNVVWLIKKDNTYPTIKKSYNNTNQEDLLILWGIHHPNDEAEQTRLYQNPTTYISIGTSTLNQRLVPKIATRSKINGQSGRIDFFWTILKPNDAIHFESNGNFIAPEYAYKIVKKGDSTIMKSEVEYGNCNTRCQTPIGAINSSMPFHNIHPLTIGECPKYVKSNKLVLATGLRNSPQRERRRKRGLFGAIAGFIEGGWQGMVDGWYGYHHSNEQGSGYAADKESTQKAIDGVTNKVNSIIDKMNTQFEAVGREFNNLERRIENLNKKMEDGFLDVWTYNAELLVLMENERTLDFHDSNVRNLYDKVRLQLKDNAKELGNGCFEFYHKCNNECMESVRNGTYDYPQYSEEARLRREEISGVKLESIGIYQILSIYSTVASSLVLAIMMAGLSLWMCSNGSLQCRICI
45,A/Egypt/N0001/2015,2.2.1.2,MEKIVLLLAIVSIVKSDQICIGYHANNSTEQVDTIMEKNVTVTHAQDILEKTHNGKLCNLDGVKPLILRDCSVAGWLLGNPMCDEFLNVPEWSYIVEKINPANDLCYPGNFNDYEELKHLLSRINHFEKIQIIPKDSWSDHEASGVSSACPYQGRSSFFRNVVWLTKKNDAYPTIKKSYNNTNQEDLLVLWGIHHPNDAAEQTRLYQNPTTYISVGTSTLNQRLVPKIATRSKVNGQSGRMEFFWTILKSNDAINFESNGNFIAPENAYKIVKKGDSTIMKSELEYSNCNTKCQTPIGAINSSMPFHNIHPLTIGECPKYVKSNRLVLATGLRNSPQGEKRRKKRGLFGAIAGFIEGGWQGMVDGWYGYHHSNEQGSGYAADKESTQRAIDGVTNKVNSIIDKMNTQFEAVGREFNNLERRIENLNKKMEDGFLDVWTYNAELLVLMENERTLDFHDSNVKNLYDKVRLQLRDNAKELGNGCFEFYHRCDNECMESVRNGTYDYPQYSEEARLKREEISGVKLESIGTYQILSIYSTVASSLALAIMVAGLSLWMCSNGSLQCRICI
46,A/cat/Sichuan/SC18/2014,2.3.4.4b,MEKIVLLLAIVSLVKGDQICIGYHANNSTEQVDTIMEKNVTVTHAQDILEKTHNGKLCDLNGVKPLILKDCSVAGWLLGNPMCDEFIRVPEWSYIVERANPANDLCYPGNLNDYEELKHLLSRINHFEKILIIPKSSWTNHETSLGVSAACPYQGTPSFFRNVVWLIKKNDAYPTIKISYNNTNQEDLLILWGVHHSNNAAEQTNLYKNPTTYISVGTSTLNQRLVPKIATRSQVNGQRGRMDFFWTILKPNDAIHFESNGNFIAPEYAYKIVKKGDSTIMKSEMEYGHCNTKCQTPIGAINSSMPFHNIHPLTIGECPKYVKSNKLVLATGLRNSPLREKRRKRGLFGAIAGFIEGGWQGMVDGWYGYHHSNEQGSGYAADKESTQKAIDGVTNKVNSIIDKMNTQFEAVGREFNNLERRIENLNKKMEDGFLDVWTYNAELLVLMENERTLDFHDSNVKNLYDKVRLQLRDNAKELGNGCFEFYHKCDNKCMESVRNGTYDYPQYSEEARLKREEISGVKLESIGTYQILSIYSTVASSLALAIIVAGLSLWMCSNGSLQCRICI
47,A/gyrfalcon/Washington/41088-6/2014,2.3.4.4c,MEKIVLLLAVISLVKSDQICIGYHANNSTKQVDTIMEKNVTVTHAQDILEKTHNGKLCDLNGVKPLILKDCSVAGWLLGNPMCDEFIRVPEWSYIVERANPANDLCYPGTLNDYEELKHLLSRINHFEKTLIIPRSSWPNHETSLGVSAACPYQGASSFFRNVVWLIKKNDAYPTIKISYNNTNREDLLILWGIHHSNNAAEQTNLYKNPDTYVSVGTSTLNQRLVPKIATRSQVNGQSGRMDFFWTILKPNDAIHFESNGNFIAPEYAYKIVKKGDSTIMKSEMEYGHCNTKCQTPIGAINSSMPFHNIHPLTIGECPKYVKSNKLVLATGLRNSPLRERRRKRGLFGAIAGFIEGGWQGMVDGWYGYHHSNEQGSGYAADKESTQKAIDGVTNKVNSIIDKMNTQFEAVGREFNNLERRIENLNKKMEDGFLDVWTYNAELLVLMENERTLDFHDSNVKNLYDKVRLQLRDNAKELGNGCFEFYHKCDNECMESVRNGTYDYPKYSEEAILKREEISGVKLESIGTYQILSIYSTVASSLALAIIVAGLSLWMCSNGSLQCRICI
48,A/chicken/Ghana/15VIR5480-12/2015,2.3.2.1f,MEKIVLLFATISLVKSDHICIGYHANNSTEQVDTIMEKNVTVTHAQDILEKTHNGKLCNLNGVKPLILKDCSVAGWLLGNPLCDEFTNVPEWSYIVEKANPANDLCYPGNFNDYEELKHLLSRINHFEKIQIIPKDSWSDHEASLGVSAACSYQGNSSFFRNVVWLIKKGNAYPTIKKGYNNTNREDLLILWGIHHPNDEAEQTKLYQNPTTYISIGTSTLNQRLVPKIATRSKINGQSGRIDFFWTILKPNDAIHFESNGNFIAPEYAYKIIKKGDSTIMRSEVEYGNCNTRCQTPIGAINSSMPFHNIHPLTIGECPKYVKSNKLVLATGLRNSPQRERRRKRGLFGAIAGFIEGGWQGMVDGWYGYHHSNEQGSGYAADKESTQKAIDGVTNKVNSIIDKMNTQFEAVGREFNNLERRIENLNKKMEDGFLDVWTYNAELLVLMENERTLDFHDSNVKNLYDKVRLQLKDNAKELGNGCFEFYHKCNNECMESVRNGTYDYPQYSEEARLKREEISGVKLESIGVYQILSIYSTVASSLVLAIMMAGLSLWMCSNGSLQCRICI
49,A/chicken/Vietnam/NCVD-15A59/2015,2.3.4.4,MEKIVLLLALVSLVKSDQICIGYHANNSTEQVDTIMEKNVTVTHAQDILEKTHNGRLCDLNGVKPLILKDCSVAGWLLGNPMCDEFIRVPEWSYIVERANPANDLCYPGNLNDYEELKHLLSRINHFEKTLIIPKSSWPNHETSLGVSAACPYQGMPSFFRNVVWLTKKNDAYPTIKVSYNNTNREDLLILWGIHHSNNAAEQTNLYKNPTTYVSVGTSTLNQRLVPKIATRSQVNGQRGRMDFFWTILKPNDAIHFESNGNFIAPEYAYKIVKKGDSTIMKSEMEYGHCNTKCQTPIGAINSSMPFHNIHPLTIGECPKYVKSNKLVLATGLRNSPLRERRRKRGLFGAIAGFIEGGWQGMVDGWYGYHHSNEQGSGYAADRESTQKAIDGVTNKVNSIIDKMNTQFEAVGREFNNLERRIENLNKKMEDGFLDVWTYNAELLVLMENERTLDFHDSNVKNLYDKVRLQLRDNAKELGNGCFEFYHKCDNECMESVRNGTYDYPQYSEEARLKREEISGVKLESIGTYQILSIYSTVASSLTLAIIVAGLSLWMCSNGSLQCRICI
50,A/Hubei/29578/2016,2.3.4.4h,MEKIVLLLAVVSLVKSDQICIGYHANNSTEQVDTIMEKNVTVTHAQDILEKTHNGKLCDLNGVKPLILKDCSVAGWLLGNPMCDEFIRVPEWSYIVERANPANDLCYPGNLNDYEELKHLLSRINHFEKTLIIPKSSWPNHTSSGVSAACPYLGKPSFFRNVVWLTKKNDAYPTIKMSYNNTNREDLLILWGIHHSNNAEEQTNLYKNPTTYVSVGTSTLNQRVVPKIATRSQVNGQSGRMDFFWTILKPDDAIHFESNGNFIAPEYAYKIVKKGDSTIMKSEMEYGNCNTKCQTPIGAINSSMPFHNIHPLTIGECPKYVKSNKLVLATGLRNSPLRERRRKRGLFGAIAGFIEGGWQGMVDGWYGYHHSNEQGSGYAADRESTQKAIDGVTNKVNSIIDKMNTQFEAVGREFNNLERRIENLNKKMEDGFLDVWTYNAELLVLMENERTLDFHDSNVKNLYDKVRLQLRDNAKELGNGCFEFYHKCDNECMESVRNGTYDYPQYSEEARLKREEISGVKLESIGTYQILSIYSTVAGSLALAIIVAGLSLWMCSNGSLQCRICI
51,A/chicken/Guizhou/1153/2016,2.3.2.1d,MEKIVLLFATISLVKSDHICIGYHANNSTEQVDTIMEKNVTVTHAQDILEKTHNGKLCDLNGVKPLILKDCSVAGWLLGNPWCDEFINVPEWSYIVEKANPVNGLCYPGNFNDYEELKHLLSRINHFEKIQIIPKDSWSDHEASMGVSAACSYQGKSSFFRNVVWLIKKNDTYPTIKKDYNNTNREDLLVLWGIHHPNNKAEQITLYQNPTTYISIGTSTLNQRLVPKIATRSKINGQSGRIDFFWTILKPNDAIHFESNGNFIAPEYAYKIVKKGDSTIMRSEVEYGNCNTRCQTPVGAINSSMPFHNIHPLTIGECPKYVKSNKLVLATGLRNSPQRERRRKRGLFGAIAGFIEGGWQGMVDGWYGYHHSNEQGSGYAADKESTQKAIDGVTNKVNSIIDKMNTQFEAVGREFNNLERRIENLNKKMEDGFLDVWTYNAELLVLMENERTLDFHDSNVKNLYDKVRLQLKDNAKELGNGCFEFYHKCNNECMESVRNGTYDYPQYSEEARLKREEISGVKLESIGVYQILSIYSTVASSLVLAIMMAGLSLWMCSNGSLQCRICI
52,A/owl/Hokkaido/X6/2016,2.3.4.4e,MEKIVLLLAVVSLVKSDQICIGYHANNSTEQVDTIMEKNVTVTHAQDILEKTHNGRLCDLNGVKPLILKDCSVAGWLLGNPMCDEFIRVPEWSYIVERTNPANDLCYPGNLNDYEELKHLLSRINHFEKTLIIPKSSWPNHETSGVSAACPYQGVPSFFRNVVWLTKKNDAYPTIKMSYNNTNGEDLLILWGIHHSNNAAEQTNLYKNPTTYVSVGTSTLNQRLVPKIATRSQVNGQQGRMDFFWTILKPNDAIHFESNGNFIAPEYAYKIVKKGDSTIMKSEMEYGHCNTKCQTPIGAINSSMPFHNIHPLTIGECPKYVKSNKLVLATGLRNSPLRERRRKRGLFGAIAGFIEGGWQGMVDGWYGYHHSNEQGSGYAADRESTQKAIDGVTNKVNSIIDKMNTQFEAVGREFNNLERRIENLNKKMEDGFLDVWTYNAELLVLMENERTLDFHDSNVKNLYDKVRLQLRDNAKELGNGCFEFYHKCDNECMESVRNGTYDYPQYSEEARLKREEISGVKLESIGTYQILSIYSTVASSLALAIIVAGLSLWMCSNGSLQCRICI
53,A/Fujian-Sanyuan/21099/2017,2.3.4.4b,MEDIVLLLAIVSLVKSDQICIGYHANNSTEQVDTIMEKNVTVTHAQDILEKTHNGKLCDLNGVKPLILKDCSVAGWLLGNPMCDEFIRVPEWSYIVERANPANDLCYPGSLNDYEELKHLLSRINHFEKILIIPKSSWPNHETSLGVSAACPYQGTPSFFRNVVWLIKKNDAYPTIKISYNNTNREDLLILWGIHHSNNAEEQTNLYKNPTTYISVGTSTLNQRLVPKIATRSQVNGQRGRMDFFWTILKPNDAIHFESNGNFIAPEYAYKIVKKGDSTIMKSEVEYGHCNTKCQTPVGAINSSMPFHNIHPLTIGECPKYVKSNKLVLATGLRNSPLREKRRKRGLFGAIAGFIEGGWQGMVDGWYGYHHSNEQGSGYAADKESTQKAIDGVTNKVNSIIDKMNTQFEAVGREFNNLERRIENLNKKMEDGFLDVWTYNAELLVLMENERTLDFHDSNVKNLYDKVRLQLRDNAKELGNGCFEFYHKCDNECMESVKNGTYDYPQYSEEARLKREEISGVKLESIGTYQILSIYSTVASSLALAIMVAGLSLWMCSNGSLQCRICI
54,A/chicken/Egypt/B13826C/2017,2.2.1.2,MEKIVLLLAIVSIVKSDQICIGYHANNSTEQVDTIMEKNVTVTHAQDILEKTHNGKLCNLDGVKPLILRDCSVAGWLLGNPMCDEFLNVPEWSYIVEKINPANDLCYPGNFNDYEELKHLLSRINHFEKIQIIPKESWSDHDASGVSSACPYQGKSSFFRNVVWLTKKNDAYPTIKKSYNNTNQEDLLVLWGIHHPNDAAEQTKLYQNPNTYISVGTSTLNQRLVPKIATRSKVNGQSGRMEFFWTILKSNDAINFESNGNFIAPENAYKIVKKGDSTIMKSELEYSNCNTKCQTPIGAINSSMPFHNIHPLTIGECPKYVRSNRLVLATGLRNSPQGEKRRKKRGLFGAIAGFIEGGWQGMVDGWYGYHHSNEQGSGYAADKESTQRAIDGVTNKVNSIIDKMNTQFEAVGREFNNLERRIENLNKKMEDGFLDVWTYNAELLVLMENERTLDFHDSNVKNLYDKVRLQLRDNAKELGNGCFEFYHRCDNECMESVKNGTYDYPQYSEEARLKREEISGVKLESIGTYQILSIYSTVASSLALAIMVAGLSLWMCSNGSLQCRICI
55,A/Guangdong/18SF020/2018,2.3.4.4h,MEKIVLLLSVVGLVKSDQICIGYHANNSTEQVDTIMEKNVTVTHAQDILEKTHNGKLCDLNGVKPLVLKNCSVAGWLLGNPMCDEFISVPEWSYIVERANPANDLCYPGNLNDYEELKHLLSRINHFEKTQIIPKRSWSNHTSSGVSAACPYQGVASFFRNVVWLTKKNDAYPTIKMSYNNTNKEDLLILWGIHHSNSAEEQTDLYKNPTTYVSVGTSTLNQRLVPKIATRSQVNGQRGRMDFFWTILRPNDAIHFESNGNFIAPEYAYKIIKTGDSTIMKSEIEYGNCNTKCQTPIGAINSSMPFHNIHPLTIGECPKYVKSNKLVLATGLRNSPLRERRRKRGLFGAIAGFIEGGWQGMVDGWYGYHHSNEQGSGYAADRESTQKAIDGVTNKVNSIIDKMNTQFEAVGREFNSLERRIENLNKKMEDGFLDVWTYNAELLVLMENERTLDFHDSNVKNLYDKVRLQLRDNAKELGNGCFEFYHKCDNECMESVRNGTYDYPQYSEEARLKREEISGVKLESIGTYQILSIYSTVASSLVLAIIMAGLSLWMCSNGSLQCRICI
56,A/duck/Bangladesh/17D1012/2018,2.3.2.1a,MEKIVLLFAATSLVKSDHICIGYHANNSTKQVDTIMEKNVTVTHAQDILEKTHNGKLCDLNGVKPLILKDCSVAGWLLGNPMCDEFINVPEWSYIVEKANPANGLCYPGNFNDYEELKHLLSRINHFEKIRIIPKDSWSDHEASLGVSAACPYQGNSSFFRNVVWLIKKNNAYPTIKKSYNNTNQEDLLILWGIHHPNDEAEQTRLYQNPTTYISIGTSTLNQRLVPKIATRSKINGQSGRIDFFWTILKPNDAIHFESNGNFIAPEYAYKIVKKGDSTIMKSEVEYGNCNTRCQTPIGAINSSMPFHNIHPLTIGECPKYVKSNKLVLATGLRNSPQRERRRKRGLFGAIAGFIEGGWQGMVDGWYGYHHSNEQGSGYAADKESTQKAVDGVTNKVNSIIDKMNTQFEAVGREFNNLERRIENLNKKMEDGFLDVWTYNAELLVLMENERTLDFHDSNVRNLYDKVRLQLKDNAKELGNGCFEFYHKCDNECMESVRNGTYDYPQYSEEARLKREEISGVKLESIGIYQILSIYSTVASSLVLAIMMAGLSLWMCSNGSLQCRICI
57,A/dalmatian pelican/Astrakhan/417-2/2021,2.3.4.4b,MENIVLLLAIVSLVKSDQICIGYHANNSTEQVDTIMEKNVTVTHAQDILEKTHNGKLCDLNGVKPLILKDCSVAGWLLGNPMCDEFIRVPEWSYIVERANPANDLCYPGSLNDYEELKHLLSRINHFEKILIIPKSSWPNHETSLGVSAACPYQGAPSFFRNVVWLIKKNDAYPTIKISYNNTNREDLLILWGIHHSNNAEEQTNLYKNPTTYISVGTSTLNQRLVPKIATRSQVNGQRGRMDFFWTILKPDDAIHFESNGNFIAPEYAYKIVKKGDSTIMKSGVEYGHCNTKCQTPVGAINSSMPFHNIHPLTIGECPKYVKSNKLVLATGLRNSPLREKRRKRGLFGAIAGFIEGGWQGMVDGWYGYHHSNEQGSGYAADKESTQKAIDGVTNKVNSIIDKMNTQFEAVGREFNNLERRIENLNKKMEDGFLDVWTYNAELLVLMENERTLDFHDSNVKNLYDKVRLQLRDNAKELGNGCFEFYHKCDNECMESVRNGTYDYPQYSEEARLKREEISGVKLESIGTYQILSIYSTAASSLALAIMMAGLSLWMCSNGSLQCRICI
58,A/chicken/Vietnam/Raho4-Cd-20-421/2020,2.3.4.4g,MEKIVLLLAVVSLVKSDQICIGYHANNSTEQVDTIMEKNVTVTHAQDILEKTHNGRLCDLNGVKPLILKDCSVAGWLLGNPMCDEFIRVPEWSYIVERANPPHDLCYPGNLNDYEELKHLLSRINHFEKTLIIPKSSWPNHETSLGVSAACQYQGMPSFFRNVVWLIKKNDAYPTIEMSYNNTNSEDLLILWGIHHSNNAAEQTNLYKNPTTYVSVGTSTLNQRLVPKIATRSQVNGQRGRMDFYWTILKPNDAIHFESNGNFIAPEYAYKIVKKGDSTIMKSEMEYGRCNTKCQTPIGAINSSMPFHNIHPLTIGECPKYVKSNKLVLATGLRNSPLRERRRKRGLFGAIAGFIEGGWQGMVDGWYGYHHSNEQGSGYAADKESTQKAIDGVTNKVNSIIEKMNTQFEAVGREFNNLERRIENLNKKMEDGFLDVWTYNAELLVLMENERTLDFHDSNVKNLYDKVRLQLRDNAKELGNGCFEFYHKCDNECMESVRNGTYNYPQYSEEARLKREEISGVKLESIGTYQILSIYSTVASSLALAIIVAGLSLWMCSNGSLQCRICI
59,A/duck/Bangladesh/43127/2020,2.3.4.4h,MEKTILLFSVVSLVKSDQICIGYHANNSTEQVDTIMEKNVTVTHAQDILEKTHNGKLCDLNGVKPLILKDCSVAGWLLGNPMCDEFISVPEWSYIVERANPANDLCYPGNLNDYEELKHLLSRINHFEKTQIIPKRSWSNHTSSGVSAACPYQGVASFFRNVVWLTKKNDAYPTIKMSYNNTNKEDLLILWGIHHSNSAEEQISLYKNPTTYVSVGTSTLNQRLVPKIATRSQVNGQRGRMDFFWTILRPSDAIHFESNGNFIAPEYAYKIIKTGDSTIMKSELEYGNCNTKCQTPIGAINSSMPFHNIHPLTIGECPKYVKSNKLVLATGLRNSPLRERRRKRGLFGAIAGFIEGGWQGMVDGWYGYHHSNEQGSGYAADRESTQKAIDGVTNKVNSIIDKMNTQFEAVGREFNSLERRIENLNKKMEDGFLDVWTYNAELLVLMENERTLDFHDSNVKNLYDKVRLQLRDNAKELGNGCFEFYHKCDNECMESVRNGTYDYPQYSEEARLKREEISGVKLESIGTYQILSIYSTVASSLVLAIIVAGLSLWMCSNGSLQCRICI
60,A/American Wigeon/South Carolina/22-000345-001/2021,2.3.4.4b,MENIVLLLAIVSLVKSDQICIGYHANNSTEQVDTIMEKNVTVTHAQDILEKTHNGKLCDLNGVKPLILKDCSVAGWLLGNPMCDEFIRVPEWSYIVERANPANDLCYPGSLNDYEELKHMLSRINHFEKILIIPKSSWPNHETSLGVSAACPYQGAPSFFRNVVWLIKKNDAYPTIKISYNNTNREDLLILWGIHHSNNAEEQTNLYKNPTTYISVGTSTLNQRLAPKIATRSQVNGQRGRMDFFWTILKPDDAIHFESNGNFIAPEYAYKIVKKGDSTIMKSGVEYGHCNTKCQTPVGAINSSMPFHNIHPLTIGECPKYVKSNKLVLATGLRNSPLREKRRKRGLFGAIAGFIEGGWQGMVDGWYGYHHSNEQGSGYAADKESTQKAIDGVTNKVNSIIDKMNTQFEAVGREFNNLERRIENLNKKMEDGFLDVWTYNAELLVLMENERTLDFHDSNVKNLYDKVRLQLRDNAKELGNGCFEFYHKCDNECMESVRNGTYDYPQYSEEARLKREEISGVKLESVGTYQILSIYSTAASSLALAIMMAGLSLWMCSNGSLQCRICI
61,A/chicken/Ghana/AVL-763_21VIR7050-39/2021,2.3.4.4b,MENIVLLLAIVSLVKSDQICIGYHANNSTEQVDTIMEKNVTVTHAQDILEKTHNGKLCDLNGVKPLILKDCSVAGWLLGNPMCDEFIRVPEWSYIVERANPANDLCYPGSLNDYEELKHLLSRINHFEKILIIPKSSWPNHETSLGVSAACPYQGAPSFFRNVVWLIKKNDTYPTIKISYNNTNREDLLILWGIHHSNNAEEQTNLYKNPTTYISVGTSTLNQRLVPKIATRSQVNGQRGRMDFFWTILKPDDAIHFESNGNFIAPEYAYKIVKKGDSTIMKSGVEYGHCNTKCQTPVGAINSSMPFHNIHPLTIGECPKYVKSNKLVLATGLRNSPLREKRRKRGLFGAIAGFIEGGWQGMVDGWYGYHHSNEQGSGYAADKESTQKAIDGVTNKVNSIIDKMNTQFEAVGREFNNLERRIENLNKKMEDGFLDVWTYNAELLVLMENERTLDFHDSNVKNLYNKVRLQLRDNAKELGNGCFEFYHKCDNECMESVRNGTYDYPQYSEEARLKREEISGVKLESIGTYQILSIYSTAASSLALAIMMAGLSLWMCSNGSLQCRICI
62,A/duck/Bangladesh/51601/2021,2.3.4.4b,MENIVLLLAIVSLVKSDQICIGYHANNSTEQVDTIMEKNVTVTHAQDILEKTHNGKLCDLNGVKPLILKDCSVAGWLLGNPMCDEFIRVPEWSYIVERANPANDLCYPGSLNDYEELKHLLSRINHFEKILIIPKSSWPNHETSLGVSAACPYQGAPSFFRNVVWLIKKDDAYPTIKISYNNTNREDLLILWGIHHSNNAEEQTNLYKNPTTYISVGTSTLNQRLVPKIATRSQVNGQRGRMDFFWTILKPDDAIHFESNGNFIAPEYAYKIVKKGDSTIMKSGVEYGHCNTKCQTPVGAINSSMPFHNIHPLTIGECPKYVKSNKLVLATGLRNSPLREKRRKRGLFGAIAGFIEGGWQGMVDGWYGYHHSNEQGSGYAADKESTQKAIDGVTNKVNSIIDKMNTQFEAVGREFNNLERRIENLNKKMEDGFLDVWTYNAELLVLMENERTLDFHDSNVKNLYDKVRLQLRDNAKELGNGCFEFYHKCDNECMESVRNGTYDYPQYSEEARLKREEISGVKLESIGTYQILSIYSTAASSLALAIMMAGLSLWMCSNGSLQCRICI
63,A/Bald Eagle/Alaska/22-013001-001/2022,2.3.4.4b,MENIVLLLAIISLVKSDQICIGYHANNSTEQVDTIMEKNVTVTHAQDILEKTHNGKLCDLNGVKPLILKDCSVAGWLLGNPMCDEFIRVPEWSYIVERANPANDLCYPGSLNDYEELKHLLSRINHFEKILIIPKSSWPNHETSLGVSAACPYQGAPSFFRNVVWLIKKNDAYPTIKISYNNTNREDLLILWGIHHSNNAEEQTNLYKNPTTYISVGTSTLNQRLVPKIATRSQVNGQRGRMDFFWTILKPDDAIHFESNGNFIAPEYAYKIVKKGDSTIMKSGVEYGHCNTKCQTPVGAINSSMPFHNIHPLTIGECPKYVKSNKLVLATGLRNSPLRERRRKRGLFGAIAGFIEGGWQGMVDGWYGYHHSNEQGSGYAADKESTQKAIDGVTNKVNSIIDKMNTQFEAVGREFNNLERRIENLNKKMEDGFLDVWTYNAELLVLMENERTLDFHDSNVKNLYDKVRLQLRDNAKELGNGCFEFYHKCDNECMESVRNGTYDYPQYSEEARLKREEISGVKLESIGTYQILSIYSTAASSLALAIMMAGLSLWMCSNGSLQCRICI
64,A/Cambodia/2302009/2023,2.3.2.1a,MKKIVLLFATISLVKSDHICIGYHANNSTEKVDTIMEKNVTVTQAQDILEKTHNGKLCDLNGVKPLILKDCSVAGWLLGNPLCDEFTNVPEWSYIVEKANPVNDLCYPGSFNDYEELKHLLSRINHFEKIQIIPKNSWSDHEASLGVSATCSYQGNSSFFRNVVWLIKKNNAYPTIKKDYNNTNREDLLILWGIHHPNDEAEQTRLYQNPTTYISIGTSTLNQRLVPRIATRPKINGQSGRIDFFWTILKPNDAIHFESNGNFIAPEYAYKIIKKGDSTIMRSEVKYGNCNTRCQTPIGAINSSMPFHNIHPLTIGECPKYVKSSKLVLATGLRNSPQKERRRKRGLFGAIAGFIEGGWQGMVDGWYGYHHSNEQGSGYAADKESTQRAIDGVTNKVNSIIDKMNTQFEAVGREFNNLERRIENLNKKMEDGFLDVWTYNAELLVLMENERTLDFHDSNVRNLYDKVRLQLKDNAKELGNGCFEFYHKCNNECMESVRNGTYDYPQYSEEARLKREEISGVKLESMGIYQILSIYSTVASSLVLAIMMAGLSLWMCSNGSLQCRICI
65,A/Jiangsu/NJ210/2023,2.3.4.4b,MENIVLLLAIVNLVKSDQICIGYHANNSTEQVDTIMEKNVTVTHAQDILEKTHNGKLCDLNGVKPLILKDCSVAGWLLGNPMCDEFIRVPEWSYIVERDNPANDLCYPGSLNDYEELKHLLSRINHFEKILIIPKSSWPNHETSLGVSAACPYQGAPSFFRNVVWLIKKDDAYPTIKISYNNTNREDLLILWGIHHSNNAEEQTNLYKNPTTYISVGTSTLNQRLVPKIATRSQVNGQRGRMDFFWTILKPDDAIHFESNGNFIAPEYAYKIVKKGDSTIMKSGVEYGHCNTKCQTPVGAINSSMPFHNIHPLTIGECPKYVKSNKLVLATGLRNSPPREKRRKRGLFGAIAGFIEGGWQGMVDGWYGYHHSNEQGSGYAADKESTQKAIDGVTNKVNSIIDKMNTQFEAVGREFNNLERRIENLNKKMEDGFLDVWTYNAELLVLMENERTLDFHDSNVKNLYDKVRLQLRDNAKELGNGCFEFYHKCDNECMESVRNGTYYYPQYSEEARLKREEISGVKLESIGTYQILSIYSTAASSLALAIMMAGLSLWMCSNGSLQCRICI
66,A/Cambodia/SVH240441/2024,2.3.2.1e,MKRIVLLFATINLVKSDHICIGYHANNSTEQVDTIMEKNVTVTQAQDILEKTHNGKLCDLNGVKPLILKDCSVAGWLLGNPLCDEFINVPEWSYIVEKANPANDLCYPGNFNDYEELKHLLSRINHFEKIQIIPKNSWSDHEASLGVSAACSYQGNSSFFRNVVWLIKKNNAYPTIKKDYNNTNREDLLILWGIHHPNDEAEQTKLYQNPTTYISIGTSTLNQRLVPKIATRPKINGQSGRIDFFWTILKPNDAIHFESNGNFIAPEYAYKIVKKGDSTIMRSEAQYGNCNTRCQTPIGAINSSMPFHNIHPLTIGECPKYVKSSKLVLATGLRNSPQRERRRKRGLFGAKAGFIEGGWQGMVDGWYGYHHSNEQGSGYAADKESTQKAVDGVTNKVNSIIDKMNTQFEAVGREFNNLERRIENLNKKMEDGFLDVWTYNAELLVLMENERTLDFHDSNVKNLYDKVRLQLKDNAKELGNGCFEFYHKCNNECMESVRNGTYDYPRYSEEAKLKREEISGVKLESIGIYQILSIYSTVASSLVLAIMMAGLSLWMCSNGSLQCRICI
67,A/Fujian/2/2024,2.3.4.4h,MEKIVLLLSVVNLVKSDQICIGYHANNSTEQVDTIMEKNVTVTHAQDILEKTHNGKLCRLNGVKPLILKDCSVAGWLLGNPMCDEFISVPEWSYIVERVNPANDLCYPGNLNDYEELKHLLSRINHFEKTRIIPKNSWSNHTSSGVSAACPYQGNASFFRNVVWLTKKNDAYPTIKMSYNNTNKEDLLILWGIHHSNSAEEQTKLYKNLITYVSVGTSTLNQRLVPKIATRSQVNGQSGRMDFFWTMLKPNDAIHFESNGNFIAPEYAYKIIKTGDSTIMKSEIEYGHCNTKCQTPIGAINSSMPFHNIHPLTIGECPKYVKSNKLVLATGLRNSPLRERRRKRGLFGAIAGFIEGGWQGMVDGWYGYHHSNEQGSGYAADRESTQKAIDGVTNKVNSIIDKMNTQFEAVGREFNNLERRIENLNKKMEDGFLDVWTYNAELLVLMENERTLDFHDSNVKNLYDKVRLQLRDNAKELGNGCFEFYHKCDNECMESVRNGTYDYPQYSEEARLKREEISGVKLESIGTYQILSIYSTVASSLVLAIIVAGLSLWMCSNGSLQCRICI
68,A/Victoria/149/2024,2.3.4.2,MEKIMFLFAATSLVKSDHICIGYHANNSTEQVDTIMEKNVTVTHAQDILEKTHNGKLCDLNGVKPLVLKDCSVAGWLLGNPMCDEFINVPEWSYIVEKANPANGLCYPGNFNDYEELKHLLSRINHFEKIRIIPKDSWSDHDASLGVSAACPYQGNPSFFRNVVWLIKKNNSYPTIKKSYNNTNQEDLLILWGIHHPNDEAEQTNLYQNPITYISIGTSTLNQRLIPRIATRSKINGQSGRIDFFWTILKPNDAIHFESNGNFIAPEYAYKIVKKGDSTIMKSEVEYGNCNTRCQTPIGAINSSMPFHNIHPLTIGECPKYVKSNKLVLATGLRNSPQKERRRKRGLFGAIAGFIEGGWQGMVDGWYGYHHSNEQGSGYAADKESTQKAIDGVTNKVNSIIDKMNTQFEAVGREFNNLERRIENLNKKMEDGFLDVWTYNAELLVLMENERTLDFHDSNVRNLYDKVRLQLKDNAKELGNGCFEFYHKCDNECMESVRNGTYDYPQYSEEARLKREEISGVKLESIGVYQILSIYSTVASSLVLAIMMAGLSLWMCSNGSLQCRICI
69,A/bovine/Ohio/B24OSU-439/2024,2.3.4.4b,MENIVLLLAIVSLVKSDQICIGYHANNSTEQVDTIMEKNVTVTHAQDILEKTHNGKLCDLNGVKPLILKDCSVAGWLLGNPMCDEFIRVPEWSYIVERANPANDLCYPGSLNDYEELKHMLSRINHFEKIQIIPKSSWPNHETSLGVSAACPYQGAPSFFRNVVWLIKKNDAYPTIKISYNNTNREDLLILWGIHHSNNAEEQTNLYKNPITYISVGTSTLNQRLAPKIATRSQVNGQRGRMDFFWTILKPDDAIHFESNGNFIAPEYAYKIVKKGDSTIMKSGVEYGHCNTKCQTPVGAINSSMPFHNIHPLTIGECPKYVKSNKLVLATGLRNSPLREKRRKRGLFGAIAGFIEGGWQGMVDGWYGYHHSNEQGSGYAADKESTQKAIDGVTNKVNSIIDKMNTQFEAVGREFNNLERRIENLNKKMEDGFLDVWTYNAELLVLMENERTLDFHDSNVKNLYDKVRLQLRDNAKELGNGCFEFYHKCDNECMESVRNGTYDYPQYSEEARLKREEISGVKLESVGTYQILSIYSTAASSLALAIMMAGLSLWMCSNGSLQCRICI
70,A/bovine/Texas/43134/2024,2.3.4.4b,MENIVLLLAIVSLVKSDQICIGYHANNSTEQVDTIMEKNVTVTHAQDILEKTHNGKLCDLNGVKPLILKDCSVAGWLLGNPMCDEFIRVPEWSYIVERANPANDLCYPGSLNDYEELKHMLSRINHFEKIQIIPKSSWPNHETSLGVSAACPYQGAPSFFRNVVWLIKKNDTYPTIKISYNNTNREDLLILWGIHHSNNAEEQTNLYKNPITYISVGTSTLNQRLAPKIATRSQVNGQRGRMDFFWTILKPDDAIHFESNGNFIAPEYAYKIVKKGDSTIMKSGVEYGHCNTKCQTPVGAINSSMPFHNIHPLTIGECPKYVKSNKLVLATGLRNSPLREKRRKRGLFGAIAGFIEGGWQGMVDGWYGYHHSNEQGSGYAADKESTQKAIDGVTNKVNSIIDKMNTQFEAVGREFNNLERRIENLNKKMEDGFLDVWTYNAELLVLMENERTLDFHDSNVKNLYDKVRLQLRDNAKELGNGCFEFYHKCDNECMESVRNGTYDYPQYSEEARLKREEISGVKLESVGTYQILSIYSTAASSLALAIMMAGLSLWMCSNGSLQCRICI
71,A/Ohio/06-1/2025,2.3.4.4b,MENIVLLLAIISLVKSDQICIGYHANNSTEQVDTIMEKNVTVTHAQDILEKAHNGKLCDLNGVKPLILKDCSVAGWLLGNPMCDEFIRVPEWSYIVERANPANDLCYPGSLNDYEELKHLLSRINHFEKILIIPKSSWPNHETSLGVSAACPYQGAPSFFRNVVWLIKKNDAYPTIKISYNNTNREDLLILWGIHHSNNAEEQTNLYKNPTTYISVGTSTLNQRLVPKIATRPQVNGQRGRMDFFWTILKPDDAIHFESNGNFIAPEYAYKIVKKGDSTIMKSGVEYGHCNTKCQTPVGAINSSMPFHNIHPLTIGECPKYVKSNKLVLATGLRNSPLRERRRKRGLFGAIAGFIEGGWQGMVDGWYGYHHSNEQGSGYAADKESTQKAIDGVTNKVNSIIDKMNTQFEAVGREFNNLERRIENLNKKMEDGFLDVWTYNAELLVLMENERTLDFHDSNVKNLYDKVRLQLRDNAKELGNGCFEFYHKCDDECMESVRNGTYDYPQYSEEARLKREEISGVKLESIGTYQILSIYSTAASSLALAIMMAGLSLWMCSNGSLQCRICI
72,A/duck/Vietnam/NCVD-1494/2012,2.3.2.1a,MEKIVLLFATISLVKSDHICIGYHANNSTEQVDTIMEKNVTVTHAQDILEKTHNGKLCDLNGVKPLILKDCSVAGWLLGNPMCDEFINVPEWSYIVEKANPANDLCYPGNFNDYEELKHLLSRINHFEKIQIIPKDSWSDHEASLGVSAACPHQGNSSFFRNVVWLIKKDNAYPTIKKGYNNTNQEDLLVLWGIHHPNNEAEQTKLYQNPTTYISIGTSTLNQRLVPKIATRSKINGQSGRIDFFWTILKPNDAIHFESNGNFIAPEYAYKIVKKGDSTIMKSEVEYGNCNTRCQTPIGAINSSMPFHNIHPLTIGECPKYVKSNKLVLATGLRNSPQRERRRKRGLFGAIAGFIEGGWQGMVDGWYGYHHSNEQGSGYAADKESTQKAIDGVTNKVNSIIDKMNTQFEAVGREFNNLERRIENLNKKMEDGFLDVWTYNAELLVLMENERTLDFHDSNVRNLYDKVRLQLKDNAKELGNGCFEFYHKCNNECMESVRNGTYDYPQYSEEARLKREEISGVKLESIGIYQILSIYSTVASSLVLAIMMAGLSLWMCSNGSLQCRICI
73,A/cattle/CA/25-022470-005-original/2025,2.3.4.4b,MENIVLLLAIVSLVKSDQICIGYHANNSTEQVDTIMEKNVTVTHAQDILEKTHNGKLCDLNGVKPLILKDCSVAGWLLGNPMCDEFIRVPEWSYIVERANPANGLCYPGSLNDYEELKHMLSRINHFEKIQIFPKSSWPNHETSLGMSAACPHQGAPSFFRNVVWLIKKNDAYPTIKISYNNTNREDLLILWGIHHSNNAKEQTNLYKNPITYISVGTSTLNQRLAPKIATRSQVNGQRGRMDFFWTILRPDDAIHFESNGNFIAPEYAYKIVKKGDSTIMKSGVEYGHCNTKCQTPVGAINSSMPFHNIHPLTIGECPKYVKSNKLVLATGLRNNPLREKRKKRGLFGAIAGFIEGGWQGMVDGWYGYHHSNEQGSGYAADKESTQKAIDGVTNKVNSIIDKMNTQFEAVGREFNNLERRIENLNKKMEDGFLDVWTYNAELLVLMENERTLDFHDSNVKNLYDKVRLQLRDNAKELGNGCFEFYHKCDNECMESVRNGTYDYPQYSEEARLKRGEISGVKLESVGTYQILSIYSTAASSLALAIMMAGLSLWMCSNGSLQCRICI
74,A/chicken/Khanhhoa/CVVI-28/2014,2.3.2.1e,MEKIVLLFATISIVKSDHICIGYHANNSTEQVDTIMEKNVTVTHAQDILEKTHNGKLCDLNGVKPLILKDCSVAGWLLGNPLCDEFTNVPEWSYIVEKANPANDLCYPGNFNDYEELKHLLSRINHFEKIQIIPKDSWSDHEASLGVSAACSHQGNSSFFRNVVWLIKKDNAYPTIKKDYNNTNREDLLILWGIHHPNDEAEQTRLYQNPTTYISIGTSTLNQRLVPKIATRSKINGQSGRIDFFWTILKPNDAIHFESNGNFIAPEYAYKIVKKGDSTIMRSEVEYGNCNTRCQTPIGAINSSMPFHNIHPLTIGECPKYVKSNKLVLATGLRNSPQRERRRKRGLFGAIAGFIEGGWQGMVDGWYGYHHSNEQGSGYAADKESTQKAIDGVTNKVNSIIDKMNTQFEAVGREFNNLERRIENLNKKMEDGFLDVWTYNAELLVLMENERTLDFHDSNVKNLYDKVRLQLKDNAKELGNGCFEFYHKCNNECMESVRNGTYDYPQYSEEARLKREEISGVKLESIGIYQILSIYSTVASSLVLAIMMAGLSLWMCSNGSLQCRICI
75,A/duck/Nanchang/9789/2013,2.3.2.1b,MEKIVLLLAIVSLVKSDHICIGYHANNSTEQVDTIMEKNVTVTHAQDILEKTHNGKLCDLNGVKPLILKDCSVAGWLLGNPMCDEFIDVPEWSYIVEKTNPANDLCYPGSFNDYEELKHLLSRINHFEKIRIIPQDSWPDHEASLGVSAACSYQGNSSFFRNVVWLLKKNDAYPIITKSYNNTNKEDLLILWGIHHPNDEAEQIRLYKNPTTYVSIGTSTLNQRLVPRIATRSKVNGQRGRIDFFWTILKPNDAINFESNGNFIAPEYAYKIVKKGDSTIMRSEVEYGNCSTRCQTPMGAINSSMPFHNIHPLTIGECPKYVKSNKLVLATGLRNSPQIERRRRKRGLFGAIAGFIEGGWQGMVDGWYGYHHSNEQGSGYAADKESTQKAIDGVTNKVNSIINKMNTQFEAVGREFNNLERRIENLNKKMEDGFLDVWTYNAELLVLMENERTLDFHDSNVKNLYDKVRLQLRDNAKELGNGCFEFYHKCDNECMESVRNGTYDYPQYSEEARLKREEISGVKLESIGTYQILSIYSTVASSLVLAIMVAGLSLWMCSNGSLQCRICI
76,A/chicken/Nigeria/16VIR5840-18/2015,2.3.2.1f,MEKIVLLFATISLVKSDHICIGYHANNSTEQVDTIMEKNVTVTHAQDILEKTHNGKLCDLNGVKPLILKDCSVAGWLLGNPLCGDFTNVPEWSYIVEKANPANDLCYPGNFNDYEELKHLLSRINHFEKIQIIPKDSWSDHEASLGVSAACSYQGNSSFFRNVVWLIKKDNAYPTIKKGYNNTNREDLLILWGIHHPNDEAEQTKLYQNPTTYISIGTSTLNQRLVPKIATRSKINGQSGRIDFFWTILKTNDAIHFESNGNFIAPEYAYKIVKKGDSTIMRSEVEYGNCNTRCQTPIGAINSSMPFHNIHPLTIGECPKYVKSNKLVLATGLRNSPQRERRRKRGLFGAIAGFIEGGWQGMVDGWYGYHHSNEQGSGYAADKESTQKAIDGITNKVNSIIDKMNTQFEAVGKEFNNLERRIENLNKKMEDGFLDVWTYNAELLVLMENERTLDFHDSNVKNLYDKVRLQLKDNAKELGNGCFEFYHKCNNECMESVRNGTYDYPQYSEEARLKREEISGVKLESIGVYQILSIYSTVASSLVLAIMMAGLSLWMCSNGSLQCRICI
77,A/mandarin duck/Korea/H71/2017,2.3.4.4b,MENIVLLLAIVSLVKSDQICIGYHANNSTEQVDTIMEKNVTVTHAQDILEKTHNGKLCDLNGVKPLILKDCSVAGWLLGNPMCDEFIRVPEWSYIVERDNPANDLCYPGSLNDYEELKHLLSRINHFEKILIIPKSSWPNHETSLGVSTACPYQGAPSFFRNVVWLIKKNDAYPTIKISYNNTNREDLLILWGIHHSNNAEEQTNLYKNPTTYISVGTSTLNQRLVPKIATRSQVNGQRGRMDFFWTILKPNDAIHFESNGIFIAPEYAYKIVKKGDSTIMKSGVEYGHCNTKCQTPVGAINSSMPFHNIHPLTIGECPKYVKSNKLVLATGLRNSPLREKRRKRGLFGAIAGFIEGGWQGMVDGWYGYHHSNEQGSGYAADKESTQKAIDGVTNKVNSIIDKMNTQFEAVGREFNNLERRIENLNKKMEDGFLDVWTYNAELLVLMENERTLDFHDSNVKNLYDKVRLQLRDNAKELGNGCFEFYHKCDNECMESVRNGTYDYPQYSEEARLKREEISGVKLESIGTYQILSIYSTVASSLALAIMVAGLSLWMCSNGSLQCRICI
78,A/duck/France/150234/2015,EA_nonGsGd,MEKIVFLLAIVSLVESDQICIGYHANNSTEQVDTIMEKNVTVTHAQDILEKAHNGKLCSLNGVKPLILRDCSVAGWLLGNPMCDEFLNVPEWSYIVEKNNPVNGLCYPGDFNDYEELKHLLSSTNHFEKIQIISRNSWSNHDASSGVSSACPYNGRSSFFRNVVWLIKKNNAYPTIKRSYNNTNQEDLLVLWGVHHPNDAAEQTRLYQNPTTYVSVGTSTLNQRSTPEIATRPRVNGQGGRMTFFWTILKPNDAINFESNGNFIAPEYAYKIVKKGDSAIMKSGLEYGNCDTRCQTPMGAINSSMPFHNIHPLTIGECPKYVKSGRLVLATGPRNVPQRETRGLFGAIAGFIEGGWQGMVDGWYGYHHSNEQGSGYAADKESTQKAIDGITNKVNSIIDKMNTQFEAVGKEFNNLERRIENLNKKMEDGFLDVWTYNAELLVLMENERTLDFHDSNVKNLYDKVRLQLRDNAKELGNGCFEFYHKCDNECMESVRNGTYDYPQYSEEARLNREEISGVKLESMGTYQILSIYSTVASSLALAIMIAGLSFWMCSNGSLQCRICI
79,A/spot-billed duck/Ningxia/YG83/2017,2.3.4.4b,MENIVLLLAIVSLVKSDQICIGYHANNSTEQVDTIMEKNVTVTHAQDILEKTHNGKLCDLNGVKPLILKDCSVAGWLLGNPMCDEFIRVPEWSYIVERANPANDLCYPGSLNDYEELKHLLSRINHFEKILIIPKSSWPNHETSLGVSTACPYQGTPSFFRNVVWLIKKNDAYPTIKISYNNTNREDLLILWGIHHSNNAEEQTNLYKNPTTYISVGTSTLNQRLVPKIATRSQVNGQRGRMDFFWTILKPNDAIHFESNGNFIAPEYAYKIVKKGDSTIMKSGVEYGHCNTKCQTPVGAINSSMPFHNIHPLTIGECPKYVKSNKLVLATGLRNSPLREKRRKRGLFGAIAGFIEGGWQGMVDGWYGYHHSNEQGSGYAADKESTQKAIDGVTNKVNSIIDKMNTQFEAVGREFNNLERRIENLNKKMEDGFLDVWTYNAELLVLMENERTLDFHDSNVKNLYDKVRLQLRDNAKELGNGCFEFYHKCDNECMESVRNGTYDYPQYSEEARLKREEISGVKLESIGTYQILSIYSTVASSLALAIMVAGLSLWMCSNGSLQCRICI
80,A/Chicken/Netherlands/18000887-005/2018,2.3.4.4b,MENIVLLLAIVSLVKSDQICIGYHANNSTEQVDTIMEKNVTVTHAQDILEKTHNGKLCDLNGVKPLILKDCSVAGWLLGNPMCDEFIRVPEWSYIVERDNPANDLCYPGSLNDYEELKHLLSRINHFEKILIIPKSSWPNHETSLGVSTACPYQGTPSFFRNVVWLIKKNDAYPTIKISYNNTNREDLLILWGIHHSNNAEEQTNLYKNPTTYISIGTSTLNQRLVPKIATRSQVNGQRGRMDFFWTILKPNDAIHFESNGNFIAPEYAYKIVKKGDSTIMKSGVEYGHCNTKCQTPVGAINSSMPFHNIHPLTIGECPKYVKSNKLVLATGLRNSPLREKRRKRGLFGAIAGFIEGGWQGMVDGWYGYHHSNEQGSGYAADKESTQKAIDGVTNKVNSIIDKMNTQFEAVGREFNNLERRIENLNKKMEDGFLDVWTYNAELLVLMENERTLDFHDSNVKNLYDKVRLQIRDNAKELGNGCFEFYHKCDNECMESVRNGTYDYPQYSEEARLKREEISGVKLESIGTYQILSIYSTVASSLALAIMVAGLSLWMCSNGSLQCRICI
81,A/duck/Taiwan/DV30-2/2005,1,MRKIVLFLSIASLVNSDKICIGYHANNSTAKVDTIMEKNVTVTHAKDILEKEHNGKLCGLNGVKPLILRDCSVAGWLLGNPMCDEFLMVPEWSYIVEKNNPANGLCYPGDFQDYEELKHLLSSTTHFEKIQIFPRNSWPQHDTSGVTAACPFNGKSSFFRNMVWLTKKNNEYLTIKRSYKNTNQEDLLIMWGIHHPNHDEEQVRLYKNPRTYISVGTSTLNQRLSPIIAERPQVNGQSGRMSFYWTILKPSDTINFETNGNFIPPEYAFKIAKKGDSAIIRSELEYGNCNTRCQTPMGALNSSMPFQNIHPITIGECPKYVKSNRLVLATGLRNIPQIETRGLFGAIAGFIEGGWQGMVDGWYGYHHSNDQGSGYAADKESTQRAIDGITNKVNSIIDKMNTQFEAVGKEFNNLERRIGNLNKKMEDGFLDIWTYNAELLVLMENERTLDLHDSNVKNLYEKVRLQLKDNAKELGNGCFEFHHKCDNECMESVKNGTYNYPHYSEEARLKREEISGVKLESIGTYQILSIYSTAASSLVLAIMIAGLSFWMCSNGSLQCRICI
82,A/duck/France/150234/2015,EA_nonGsGd,MEKIVFLLAIVSLVESDQICIGYHANNSTEQVDTIMEKNVTVTHAQDILEKAHNGKLCSLNGVKPLILRDCSVAGWLLGNPMCDEFLNVPEWSYIVEKNNPVNGLCYPGDFNDYEELKHLLSSTNHFEKIQIISRNSWSNHDASSGVSSACPYNGRSSFFRNVVWLIKKNNAYPTIKRSYNNTNQEDLLVLWGVHHPNDAAEQTRLYQNPTTYVSVGTSTLNQRSTPEIATRPRVNGQGGRMTFFWTILKPNDAINFESNGNFIAPEYAYKIVKKGDSAIMKSGLEYGNCDTRCQTPMGAINSSMPFHNIHPLTIGECPKYVKSGRLVLATGPRNVPQRETRGLFGAIAGFIEGGWQGMVDGWYGYHHSNEQGSGYAADKESTQKAIDGITNKVNSIIDKMNTQFEAVGKEFNNLERRIENLNKKMEDGFLDVWTYNAELLVLMENERTLDFHDSNVKNLYDKVRLQLRDNAKELGNGCFEFYHKCDNECMESVRNGTYDYPQYSEEARLNREEISGVKLESMGTYQILSIYSTVASSLALAIMIAGLSFWMCSNGSLQCRICI
83,A/mute swan/Ibaraki/236T/2016,2.3.4.4e,MEKIVLLLAVVSLVKSDQICIGYHANNSTEQVDTIMEKNVTVTHAQDILEKTHNGRLCDLNGVKPLILKDCSVAGWLLGNPMCDEFIRVPEWSYIVERTNPANDLCYPGNLNDYEELKHLLSRINHFEKTLIIPKSSWPNHETSGVSVACPYQGVPSFFRNVVWLTKKNDAYPTIKMSYNNTNGEDLLILWGIHHSNNAAEQTNLYKNPTTYVSVGTSTLNQRLVPKIATRSQVNGQQGRMDFFWTILKPNDAIHFESNGNFIAPEYAYKIVKKGDSTIMKSEMEYGHCNTKCQTPIGAINSSMPFHNIHPLTIGECPKYVKSNKLVLATGLRNSPLRERRRKRGLFGAIAGFIEGGWQGMVDGWYGYHHSNEQGSGYAADRESTQKAIDGVTNKVNSIIDKMNTQFEAVGREFNNLERRIENLNKKMEDGFLDVWTYNAELLVLMENERTLDFHDSNVKNLYDKVRLQLRDNAKELGNGCFEFYHKCDNECMESVRNGTYDYPQYSEEARLKREEISGVKLESIGTYQILSIYSTVASSLALAIIVAGLSLWMCSNGSLQCRICI
84,A/duck/Hunan/S4101/2011,Am_nonGsGd,MERTILLLALVSLVQGDQICIGYHANNSTEQVDTIMEKNVTVTHAQDILERTHNGKLCSLNGVKPLILKDCSVAGWLIGNPKCDAFLSVPEWSYIVEKDSPAEGLCYPGSVNDYEELKHLLTSTKHFEKIRIIPKESWSNHDASGVTSACSYLGGSSFYRNVVWLIKKNNEYPTIKRTYNNTNQEDLLIIWGIHHPSSTTEQTNLYKNSNTYVSVGTSTLNQRSIPEIATRPKVKGQSGRMDFFWTILRPNDAINFESNGNFIAPEYAFKIAKRGDSAVMKSELGYGNCDAKCQTPLGAVNSSMPFHNIHPLTIGECPKYVKSDRLVLATGLRNVPQKETKGLFGAIAGFIEGGWQGMVDGWYGYHHSNDQGSGYAADKESTQKAIDGITNKVNSIIDKMNTQFEAAGKEFNNLERRIENLNKKMEDGFLDVWTYNAELLVLMENERTLDFHDSNVKNLYDKVRLQLRDNAKELGNGCFEFYHKCDNECMESVRNGTYDYPQYSEESRLNREEINGVKLESIGVYQILSIYSSVASSLALAIIIAGLSFWMCSNGSLQCRICI
85,A/duck/Tsukuba/394/2005,EA_nonGsGd,MEKIVLLFAIVSLVKSDQICIGYHANNSTEQVDTIMEKNITVTHAQDILEKTHNGKLCSLNGVKPLILRDCSVAGWLLGNPMCDEFLNVPEWSYIVERDSPINGLCYPGDFNDYEELKHLLSSTNHFEKIQIIPKGSWSNHDASSGVSSACPYDGRSSFFRNVVWLIKKNNAYPTIKRSYNNTNQEDLLVLWGIHHPNDAAEQTKLYQNPTTYVSVGTSTLNQRSVPEIATRPKVNGQSGRMEFFWTILKPNDAINFESNGNFIAPEYAYKIVKKGDSTIMKSELEYGNCNTKCQTLMGAINSSMPFHNIHPLTIGECPKYVKSDRLVLATGLRNVPQRETRGLFGAIAGFIEGGWQGMVDGWYGYHHSNEQGSGYAADKESTQKAIDGITNKVNSIIDKMNTQFEAVGKEFNNLERRIENLNKKMEDGFLDVWTYNAELLVLMENERTLDFHDSNVKNLYDKVRLQLRDNAKELGNGCFEFYHKCDDECMESVRNGTYDYPQYSEEARLNREEISGIKLESIGTYQILSIYSTVASSLALAIMVAGLSFWMCSNGSLQCRICI
86,A/duck/Tsukuba/541/2006,EA_nonGsGd,MEKIVLLFAIVSLVKSDQICIGYHANNSTEQVDTIMEKNVTVTHAQDILEKTHNGKLCSLNGVKPLILRDCSVAGWLLGNPMCDEFLNVPEWSYIVEKDSPINGLCYPGDFNDYEELKHLLSSTNHFEKIQIIPRSSWSNHDASSGVSSACPYNGRSSFFRNVVWLIKKNNAYPTIKRSYNNTNQEDLLVLWGIHHPNDAAEQTKLYQNPTTYVSVGTSTLNQRSVPEIATRPKVNGQSGRMEFFWTILKPNDAINFESNGNFIAPEYAYKIVKKGNSAIMKSGLEYGNCNTKCQTPMGAINSSMPFHNIHPLTIGECPKYVKSDRLVLATGLRNVPQRETRGLFGAIAGFIEGGWQGMVDGWYGYHHSNEQGSGYAADKESTQKAIDGITNKVNSIIDKMNTQFEAVGKEFNNLERRIENLNKKMEDGFLDVWTYNAELLVLMENERTLDFHDSNVKNLYDKVRLQLRDNAKELGNGCFEFYHKCDDECVESVRNGTYDYPQYSEEARLNREEISGVKLESIGTYQILSIYSTVASSLALAIMVAGLSFWMCSNGSLQCRICI
87,A/chicken/France/21328/2021,2.3.4.4b,MENIVLLLAIVSLVKSDQICIGYHANNSTEKVDTIMEKNVTVTHAQDILEKTHNGKLCDLNGVKPLILKDCSVAGWLLGNPMCDEFIRVPEWSYIVERANPANDLCYPGSLNDYEELKHLLSRINHFEKILIIPKSSWPNHETSLGVSAACPYQGAPSFFRNVVWLIKKNDAYPTIKISYNNTNREDLLILWGIHHSNNAEEQTNLYKNPTTYISVGTSTLNQRLVPKIATRSQVNGQRGRMDFFWTILKPDDAIHFESNGNFIAPEYAYKIVKKGDSTIMKSGVEYGHCNTKCQTPVGAINSSMPFHNIHPLTIGECPKYVKSNKLVLATGLRNSPLREKRRKRGLFGAIAGFIEGGWQGMVDGWYGYHHSNEQGSGYAADKESTQKAIDGVTNKVNSIIDKMNTQFEAVGREFNNLERRIENLNKKMEDGFLDVWTYNAELLVLMENERTLDFHDSNVKNLYDKVRLQLRDNAKELGNGCFEFYHKCDNECMESVRNGTYDYPQYSEEARLKREEISGVKLESIGTYQILSIYSTAASSLALAIMIAGLSLWMCSNGSLQCRICI
88,A/chicken/England/053052/2021,2.3.4.4b,MENIVLLLAIVNLVKSDQICIGYHANNSTEQVDTIMEKNVTVTHAQDILEKTHNGKLCDLNGVKPLILKDCSVAGWLLGNPMCDEFIRVPEWSYIVERANPANDLCYPGSLNDYEELKHLLSRINHFEKILIIPKSSWPNHETSLGVSAACPYQGTPSFFRNVVWLIKKNDAYPTIKISYNNTNREDLLILWGIHHSNNAEEQTNLYKNPTTYISVGTSTLNQRLVPKIATRSQVNGQRGRMDFFWTILKPDDAIHFESNGNFIAPEYAYKIVKKGDSTIMKSGVEYGHCNTKCQTPVGAINSSMPFHNIHPLTIGECPKYVKSNKLVLATGLRNSPLREKRRKRGLFGAIAGFIEGGWQGMVDGWYGYHHSNEQGSGYAADKESTQKAIDGVTNKVNSIIDKMNTQFEAVGREFNNLERRIENLNKKMEDGFLDVWTYNAELLVLMENERTLDFHDSNVKNLYDKVRLQLRDNAKELGNGCFEFYHKCDNECMESVRNGTYDYPQYSEEARLKREEISGVKLESIGTYQILSIYSTAASSLALAIMMAGLSLWMCSNGSLQCRICI