strain,subtype,protein_sequence
A/American Wigeon/South Carolina/22-000345-001/2021,H5,MENIVLLLAIVSLVKSDQICIGYHANNSTEQVDTIMEKNVTVTHAQDILEKTHNGKLCDLNGVKPLILKDCSVAGWLLGNPMCDEFIRVPEWSYIVERANPANDLCYPGSLNDYEELKHMLSRINHFEKILIIPKSSWPNHETSLGVSAACPYQGAPSFFRNVVWLIKKNDAYPTIKISYNNTNREDLLILWGIHHSNNAEEQTNLYKNPTTYISVGTSTLNQRLAPKIATRSQVNGQRGRMDFFWTILKPDDAIHFESNGNFIAPEYAYKIVKKGDSTIMKSGVEYGHCNTKCQTPVGAINSSMPFHNIHPLTIGECPKYVKSNKLVLATGLRNSPLREKRRKRGLFGAIAGFIEGGWQGMVDGWYGYHHSNEQGSGYAADKESTQKAIDGVTNKVNSIIDKMNTQFEAVGREFNNLERRIENLNKKMEDGFLDVWTYNAELLVLMENERTLDFHDSNVKNLYDKVRLQLRDNAKELGNGCFEFYHKCDNECMESVRNGTYDYPQYSEEARLKREEISGVKLESVGTYQILSIYSTAASSLALAIMMAGLSLWMCSNGSLQCRICI
A/Anhui/1/2005,H5,MEKIVLLLAIVSLVKSDQICIGYHANNSTEQVDTIMEKNVTVTHAQDILEKTHNGKLCDLDGVKPLILRDCSVAGWLLGNPMCDEFINVPEWSYIVEKANPANDLCYPGNFNDYEELKHLLSRINHFEKIQIIPKSSWSDHEASSGVSSACPYQGTPSFFRNVVWLIKKNNTYPTIKRSYNNTNQEDLLILWGIHHSNDAAEQTKLYQNPTTYISVGTSTLNQRLVPKIATRSKVNGQSGRMDFFWTILKPNDAINFESNGNFIAPEYAYKIVKKGDSAIVKSEVEYGNCNTKCQTPIGAINSSMPFHNIHPLTIGECPKYVKSNKLVLATGLRNSPLRERRRKRGLFGAIAGFIEGGWQGMVDGWYGYHHSNEQGSGYAADKESTQKAIDGVTNKVNSIIDKMNTQFEAVGREFNNLERRIENLNKKMEDGFLDVWTYNAELLVLMENERTLDFHDSNVKNLYDKVRLQLRDNAKELGNGCFEFYHKCDNECMESVRNGTYDYPQYSEEARLKREEISGVKLESIGTYQILSIYSTVASSLALAIMVAGLSLWMCSNGSLQCRICI
A/Bald Eagle/Alaska/22-013001-001/2022,H5,MENIVLLLAIISLVKSDQICIGYHANNSTEQVDTIMEKNVTVTHAQDILEKTHNGKLCDLNGVKPLILKDCSVAGWLLGNPMCDEFIRVPEWSYIVERANPANDLCYPGSLNDYEELKHLLSRINHFEKILIIPKSSWPNHETSLGVSAACPYQGAPSFFRNVVWLIKKNDAYPTIKISYNNTNREDLLILWGIHHSNNAEEQTNLYKNPTTYISVGTSTLNQRLVPKIATRSQVNGQRGRMDFFWTILKPDDAIHFESNGNFIAPEYAYKIVKKGDSTIMKSGVEYGHCNTKCQTPVGAINSSMPFHNIHPLTIGECPKYVKSNKLVLATGLRNSPLRERRRKRGLFGAIAGFIEGGWQGMVDGWYGYHHSNEQGSGYAADKESTQKAIDGVTNKVNSIIDKMNTQFEAVGREFNNLERRIENLNKKMEDGFLDVWTYNAELLVLMENERTLDFHDSNVKNLYDKVRLQLRDNAKELGNGCFEFYHKCDNECMESVRNGTYDYPQYSEEARLKREEISGVKLESIGTYQILSIYSTAASSLALAIMMAGLSLWMCSNGSLQCRICI
A/Cambodia/2302009/2023,H5,MKKIVLLFATISLVKSDHICIGYHANNSTEKVDTIMEKNVTVTQAQDILEKTHNGKLCDLNGVKPLILKDCSVAGWLLGNPLCDEFTNVPEWSYIVEKANPVNDLCYPGSFNDYEELKHLLSRINHFEKIQIIPKNSWSDHEASLGVSATCSYQGNSSFFRNVVWLIKKNNAYPTIKKDYNNTNREDLLILWGIHHPNDEAEQTRLYQNPTTYISIGTSTLNQRLVPRIATRPKINGQSGRIDFFWTILKPNDAIHFESNGNFIAPEYAYKIIKKGDSTIMRSEVKYGNCNTRCQTPIGAINSSMPFHNIHPLTIGECPKYVKSSKLVLATGLRNSPQKERRRKRGLFGAIAGFIEGGWQGMVDGWYGYHHSNEQGSGYAADKESTQRAIDGVTNKVNSIIDKMNTQFEAVGREFNNLERRIENLNKKMEDGFLDVWTYNAELLVLMENERTLDFHDSNVRNLYDKVRLQLKDNAKELGNGCFEFYHKCNNECMESVRNGTYDYPQYSEEARLKREEISGVKLESMGIYQILSIYSTVASSLVLAIMMAGLSLWMCSNGSLQCRICI
A/Cambodia/R0405050/2007,H5,MEKIVLLFAIVSLVKSDQICIGYHANNSTEQVDTIMEKNVTVTHAQDILEKTHNGKLCDLDGVKPLILRDCSVAGWLLGNPMCDEFINVPEWSYIVEKANPVNDLCYPGDFNDYEELKHLLSRINHFEKIQIIPKSSWPSHEASLGVSAACPYQGKSSFFRNVVWLIKKNNTYPTIKRSYNNTNQEDLLVMWGIHHPNDAAEQTNLYQNPTTYISVGTSTLNQRLTPRIATRSKVNGQSGRMEFFWTILKPNDAINFESNGNFIAPEYAYKIVKKGDSTIMKSELEYGNCNTKCQTPMGAINSSMPFHNIHPLTIGECPKYVKSNRLVLATGLRNSPQREGRRKKRGLFGAIAGFIEGGWQGMVDGWYGYHHSNEQGSGYAADKESTQKAIDGVTNKVNSIIDKMNTQFEAVGREFNNLERRIENLNKKMEDGFLDVWTYNAELLVLMENERTLDFHDSNVKNLYDKVRLQLRDNAKELGNGCFEFYHKCDNECMESVRNGTYDYPQYSEEARLKREEISGVKLESIGIYQILSIYSTVASSLALAIMVAGLSLWMCSNGSLQCKICI
A/Cambodia/X0810301/2013,H5,MEKIVLLFAIVSLVKSDQICIGYHANNSTEQVDTIMEKNVTVTHAQDILEKTHNGKLCDLDGVRPLILRDCSVAGWLLGNPMCDEFINVPEWSYIVEKANPVNDLCYPGVFNDYEELKHLLSRINHFEKIQIIPKNSWPSHEASLGVSAACPYQGQSSFFRNVVWLIKKNNTYPTIKRSYNNTNQEDLLVMWGIHHPNDAVEQTKLYQNPTTYISVGTSTLNQRLTPRIATRSKVKGLSGRMEFFWTILKPNDAINFESNGNFIAPEYAYKIVKKGDSTIMRSELEYGNCNTKCQTPMGAINSSMPFHNIHPLTIGECPKYVKSTRLVLATGLRNSPQREERRKKRGLFGAIAGFIEGGWQGMVDGWYGYHHSNEQGSGYAADKESTQKAIDGVTNKVNSIIDKMNTQFEAVGREFNNLERRIENLNKKMEDGFLDVWTYNAELLVLMENERTLDFHDSNVKNLYDKVRLQLRDNAKELGNGCFEFYHKCDNKCMESVRNGTYDYPQYSEEARLKREEISGVKLESIGVYQILSIYSTVASSLALAIMVAGLSLWMCSNGSLQCRICI
A/Chicken/Indonesia/Wates130/2005,H5,MEKIVLLLAIVSLVKSDQICIGYHANNSTEQVDTIMEKNVTVTHAQDILEKTHNGKLCDLDGVKPLILRDCSVAGWLLGNPMCDEFINVPEWSYIVEKASPANDLCYPGSFNDYEELKHLLSRINHFEKIQIIPKSSWSDHEASSGVSSACPYLGSPSFFRNVVWLIKKNSTYPTIKKSYNNTNQEDLLVLWGIHHPNDAAEQTRLYQNPTTYISVGTSTLNQRSVPKIATRSKVNGQSGRMEFFWTILEPNDAINFESNGNFIAPEYAYKIVKKGDSAVMKSELEYGNCNTKCQTPMGAINSSMPFHNIHPLTIGECPKYVKSNRLVLATGLRNSPQRERRRKKRGLFGAIAGFIEGGWQGMVDGWYGYHHSNEQGSGYAADKESTQKAIDGVTNKVNSIIDKMNTQFEAVGREFNNLERRIENLNKKMEDGFLDVWTYNAELLVLMENERTLDFHDSNVKNLYDKVRLQLRDNAKELGNGCFEFYHKCDNECMESIRNGTYNYPQYSEEARLKREEISGVKLESIGTYQILSIYSTVASSLALAIMMAGLSLWMCSNGSLQCRICI
A/Chicken/Netherlands/18000887-005/2018,H5,MENIVLLLAIVSLVKSDQICIGYHANNSTEQVDTIMEKNVTVTHAQDILEKTHNGKLCDLNGVKPLILKDCSVAGWLLGNPMCDEFIRVPEWSYIVERDNPANDLCYPGSLNDYEELKHLLSRINHFEKILIIPKSSWPNHETSLGVSTACPYQGTPSFFRNVVWLIKKNDAYPTIKISYNNTNREDLLILWGIHHSNNAEEQTNLYKNPTTYISIGTSTLNQRLVPKIATRSQVNGQRGRMDFFWTILKPNDAIHFESNGNFIAPEYAYKIVKKGDSTIMKSGVEYGHCNTKCQTPVGAINSSMPFHNIHPLTIGECPKYVKSNKLVLATGLRNSPLREKRRKRGLFGAIAGFIEGGWQGMVDGWYGYHHSNEQGSGYAADKESTQKAIDGVTNKVNSIIDKMNTQFEAVGREFNNLERRIENLNKKMEDGFLDVWTYNAELLVLMENERTLDFHDSNVKNLYDKVRLQIRDNAKELGNGCFEFYHKCDNECMESVRNGTYDYPQYSEEARLKREEISGVKLESIGTYQILSIYSTVASSLALAIMVAGLSLWMCSNGSLQCRICI
A/Ck/HK/61.9/02,H5,MEKIVLLLAIVSLVKSDQICIGYHANNSTEQVDTIMEKNVTVTHAQDILEKTHNGKLCDLDGVKPLILRDCSVAGWLLGNPMCDEFINVPEWSYIVEKASPANDLCYPGDFNDYEELKHLLSRINHFEKIQIIPKSSWSNHEASSGVSSACPYQGKSSFFRNVVWLIKKNSAYPTIKRSYNNTNQEDLLVLWGIHHPNDAAEQTRLYQNPTTYISVGTSTLNQRLVPKIATRSKVNGQSGRMEFFWTILKPNDAINFESNGNFIAPEYAYKIVKKGDSAIMKSELEYGNCNTKCQTPMGAINSSMPFHNIHPLTIGECPKYVKSNRLVLATGLRNSPQRERRRKKRGLFGAIAGFIEGGWQGMVDGWYGYHHSNEQGSGYAADKESTQKAIDGVTNKVNSIIDKMNTQFEAVGREFNNLERRIENLNKKMEDGFLDVWTYNAELLVLMENERTLDFHDSNVKNLYDKVRLQLRDNAKELGNGCFEFYHKCDNECMESVRNGTYDYPQYSEEARLKREEISGVKLESIGTYQILSIYSTVASSLALAIMVAGLSLWMCSNGSLQCRICI
A/Egypt/2321-NAMRU3/2007,H5,MEKIVLLLAIVSLVKSDQICIGYHANNSTEQVDTIMEKNVTVTHAQDILEKTHNGKLCDLDGVKPLILRDCSVAGWLLGNPMCDEFLNVPEWSYIVEKINPANDLCYPGDFNDYEELKHLLSRINHFEKIQIIPKSSWSDYEASSGVSSACPYQGRSSFFRNVVWLIKKNNAYPTIKRSYNNTNQEDLLVLWGIHHPNDAAEQIRLYQNPTTYISVGTSTLNQRLVPKIATRSKVNGQSGRMEFFWTILKSNDAINFESNGNFIAPEYAYKIVKKGDSTIMKSELEYGNCNTKCQTPIGAINSSMPFHNIHPLTIGECPKYVKSNRLVLATGLRNSPQGERRRRKRGLFGAIAGFIEGGWQGMVDGWYGYHHSNEQGSGYAADKESTQKAIDGVTNKVNSIINKMNTQFEAVGREFNNLERRIENLNKKMEDGFLDVWTYNAELLVLMENERTLDFHDSNVKNLYDKVRLQLRDNAKELGNGCFEFYHRCDNECMESVRNGTYDYPQYSEEARLKREEISGVKLESIGIYQILSIYSTVASSLALAIMVAGLFLWMCSNGSLQCRICI
A/Egypt/N0001/2015,H5,MEKIVLLLAIVSIVKSDQICIGYHANNSTEQVDTIMEKNVTVTHAQDILEKTHNGKLCNLDGVKPLILRDCSVAGWLLGNPMCDEFLNVPEWSYIVEKINPANDLCYPGNFNDYEELKHLLSRINHFEKIQIIPKDSWSDHEASGVSSACPYQGRSSFFRNVVWLTKKNDAYPTIKKSYNNTNQEDLLVLWGIHHPNDAAEQTRLYQNPTTYISVGTSTLNQRLVPKIATRSKVNGQSGRMEFFWTILKSNDAINFESNGNFIAPENAYKIVKKGDSTIMKSELEYSNCNTKCQTPIGAINSSMPFHNIHPLTIGECPKYVKSNRLVLATGLRNSPQGEKRRKKRGLFGAIAGFIEGGWQGMVDGWYGYHHSNEQGSGYAADKESTQRAIDGVTNKVNSIIDKMNTQFEAVGREFNNLERRIENLNKKMEDGFLDVWTYNAELLVLMENERTLDFHDSNVKNLYDKVRLQLRDNAKELGNGCFEFYHRCDNECMESVRNGTYDYPQYSEEARLKREEISGVKLESIGTYQILSIYSTVASSLALAIMVAGLSLWMCSNGSLQCRICI
A/Fujian-Sanyuan/21099/2017,H5,MEDIVLLLAIVSLVKSDQICIGYHANNSTEQVDTIMEKNVTVTHAQDILEKTHNGKLCDLNGVKPLILKDCSVAGWLLGNPMCDEFIRVPEWSYIVERANPANDLCYPGSLNDYEELKHLLSRINHFEKILIIPKSSWPNHETSLGVSAACPYQGTPSFFRNVVWLIKKNDAYPTIKISYNNTNREDLLILWGIHHSNNAEEQTNLYKNPTTYISVGTSTLNQRLVPKIATRSQVNGQRGRMDFFWTILKPNDAIHFESNGNFIAPEYAYKIVKKGDSTIMKSEVEYGHCNTKCQTPVGAINSSMPFHNIHPLTIGECPKYVKSNKLVLATGLRNSPLREKRRKRGLFGAIAGFIEGGWQGMVDGWYGYHHSNEQGSGYAADKESTQKAIDGVTNKVNSIIDKMNTQFEAVGREFNNLERRIENLNKKMEDGFLDVWTYNAELLVLMENERTLDFHDSNVKNLYDKVRLQLRDNAKELGNGCFEFYHKCDNECMESVKNGTYDYPQYSEEARLKREEISGVKLESIGTYQILSIYSTVASSLALAIMVAGLSLWMCSNGSLQCRICI
A/Fujian/2/2024,H5,MEKIVLLLSVVNLVKSDQICIGYHANNSTEQVDTIMEKNVTVTHAQDILEKTHNGKLCRLNGVKPLILKDCSVAGWLLGNPMCDEFISVPEWSYIVERVNPANDLCYPGNLNDYEELKHLLSRINHFEKTRIIPKNSWSNHTSSGVSAACPYQGNASFFRNVVWLTKKNDAYPTIKMSYNNTNKEDLLILWGIHHSNSAEEQTKLYKNLITYVSVGTSTLNQRLVPKIATRSQVNGQSGRMDFFWTMLKPNDAIHFESNGNFIAPEYAYKIIKTGDSTIMKSEIEYGHCNTKCQTPIGAINSSMPFHNIHPLTIGECPKYVKSNKLVLATGLRNSPLRERRRKRGLFGAIAGFIEGGWQGMVDGWYGYHHSNEQGSGYAADRESTQKAIDGVTNKVNSIIDKMNTQFEAVGREFNNLERRIENLNKKMEDGFLDVWTYNAELLVLMENERTLDFHDSNVKNLYDKVRLQLRDNAKELGNGCFEFYHKCDNECMESVRNGTYDYPQYSEEARLKREEISGVKLESIGTYQILSIYSTVASSLVLAIIVAGLSLWMCSNGSLQCRICI
A/Guangdong/18SF020/2018,H5,MEKIVLLLSVVGLVKSDQICIGYHANNSTEQVDTIMEKNVTVTHAQDILEKTHNGKLCDLNGVKPLVLKNCSVAGWLLGNPMCDEFISVPEWSYIVERANPANDLCYPGNLNDYEELKHLLSRINHFEKTQIIPKRSWSNHTSSGVSAACPYQGVASFFRNVVWLTKKNDAYPTIKMSYNNTNKEDLLILWGIHHSNSAEEQTDLYKNPTTYVSVGTSTLNQRLVPKIATRSQVNGQRGRMDFFWTILRPNDAIHFESNGNFIAPEYAYKIIKTGDSTIMKSEIEYGNCNTKCQTPIGAINSSMPFHNIHPLTIGECPKYVKSNKLVLATGLRNSPLRERRRKRGLFGAIAGFIEGGWQGMVDGWYGYHHSNEQGSGYAADRESTQKAIDGVTNKVNSIIDKMNTQFEAVGREFNSLERRIENLNKKMEDGFLDVWTYNAELLVLMENERTLDFHDSNVKNLYDKVRLQLRDNAKELGNGCFEFYHKCDNECMESVRNGTYDYPQYSEEARLKREEISGVKLESIGTYQILSIYSTVASSLVLAIIMAGLSLWMCSNGSLQCRICI
A/Guizhou/1/2013,H5,MEKIVLLLAMVSLVRSDQLCIGYHANNSTEQVDTIMEKNVTVTHAQDILERTHNGKLCDLDGVKPLILRDCSVAGWLLGNPMCDEFINVPEWSYIVEKANPANDLCYPGNLNDYEELKHLLSRINHFEKIQIIPKSSWTDHEASLGVSAACPYLGTPSFFRNVVWLIKKNNTYPTIKISYNNTNQEDLLILWGIHHSNDETEQIKLYQNPITYVSVGTSTLNQRLVPKIANRSKVNGQSGRMDFFWTILKPDDAINFESNGNFIAPEYAYKVVKKGDSAIMKSEVEYGHCNTKCQTPIGAINSSMPFHNIHPLTIGECPKYVKSNKLFLATGLRNSPLREKRRKRGLFGAIAGFIEGGWQGMVDGWYGYHHSNEQGSGYAADKESTQKAIDGVTNKVNSIIDKMNTQFEAVGREFNNLERRIENLNKKMEDGFLDVWTYNAELLVLMENERTLDFHDSNVKNLYDKVRLQLRDNAKELGNGCFEFYHKCDNECMESVRNGTYDYPQYSEEARLKREEISGVKLESIGTYQILSIYSTVASSLALAIMVAGLSLWMCSNGSLQCRICI
A/Hong_Kong/483/1997,H5,MEKIVLLLATVSLVKSDQICIGYHANNSTEQVDTIMEKNVTVTHAQDILERTHNGKLCDLNGVKPLILRDCSVAGWLLGNPMCDEFINVPEWSYIVEKASPANDLCYPGNFNDYEELKHLLSRISHFEKIQIIPKSSWSNHDASSGVSSACPYLGKSSFFRNVVWLIKKNSTYPTIKRSYNNTNQEDLLVLWGIHHPNDAAEQTKLYQNPTTYISVGTSTLNQRLVPEIATRPKVNGQSGRIEFFWTILKPNDAINFESNGNFIAPEYAYKIVKKGDSTIMKSELEYGNCNTKCQTPMGAINSSMPFHNIHPLTIGECPKYVKSNRLVLATGLRNAPQRERRRKKRGLFGAIAGFIEGGWQGMVDGWYGYHHSNEQGSGYAADQESTQKAIDGVTNKVNSIINKMNTQFEAVGREFNNLERRIENLNKKMEDGFLDVWTYNAELLVLMENERTLDFHDSNVKNLYDKVRLQLRDNAKELGNGCFEFYHKCDNECMESVKNGTYDYPQYSEEARLNREEISGVKLESMGTYQILSLYSTVASSLALAIMVAGLSLWMCSNGSLQCRICI
A/Hubei/1/2010,H5,MEKIVLLFATISLVKSDHICIGYHANNSTEQVDTIMEKNVTVTHAQDILEKTHNGKLCDLNGVKPLILKDCSVAGWLLGNPMCDEFINVPEWSYIVEKANPANDLCYPGNFNDYEELKHLLSRINHFEKIQIIPKNSWSDHEASLGVSAACPYQGKSSFFRNVVWLIKKDNAYPTIKKGYNNTNQEDLLVLWGIHHPNDEAEQTRLYQNPTTYISIGTSTLNQRLVPKIATRSKINGQSGRIDFFWTILKPNDAIHFESNGNFIAPEYAYKIVKKGDSTIMKSEVEYGNCNTRCQTPIGAINSSMPFHNIHPLTIGECPKYVKSNKLVLATGLRNSPQRERRRKRGLFGAIAGFIEGGWQGMVDGWYGYHHSNEQGSGYAADKESTQKAIDGVTNKVNSIIDKMNTQFEAVGREFNNLERRIENLNKKMEDGFLDVWTYNAELLVLMENERTLDFHDSNVRNLYDKVRLQLKDNAKELGNGCFEFYHKCDNECMESVRNGTYDYPQYSEEARLKREEISGVKLESIGIYQILSIYSTVASSLVLAIMMAGLSLWMCSNGSLQCRICI
A/Hubei/29578/2016,H5,MEKIVLLLAVVSLVKSDQICIGYHANNSTEQVDTIMEKNVTVTHAQDILEKTHNGKLCDLNGVKPLILKDCSVAGWLLGNPMCDEFIRVPEWSYIVERANPANDLCYPGNLNDYEELKHLLSRINHFEKTLIIPKSSWPNHTSSGVSAACPYLGKPSFFRNVVWLTKKNDAYPTIKMSYNNTNREDLLILWGIHHSNNAEEQTNLYKNPTTYVSVGTSTLNQRVVPKIATRSQVNGQSGRMDFFWTILKPDDAIHFESNGNFIAPEYAYKIVKKGDSTIMKSEMEYGNCNTKCQTPIGAINSSMPFHNIHPLTIGECPKYVKSNKLVLATGLRNSPLRERRRKRGLFGAIAGFIEGGWQGMVDGWYGYHHSNEQGSGYAADRESTQKAIDGVTNKVNSIIDKMNTQFEAVGREFNNLERRIENLNKKMEDGFLDVWTYNAELLVLMENERTLDFHDSNVKNLYDKVRLQLRDNAKELGNGCFEFYHKCDNECMESVRNGTYDYPQYSEEARLKREEISGVKLESIGTYQILSIYSTVAGSLALAIIVAGLSLWMCSNGSLQCRICI
A/Indonesia/5/2005,H5,MEKIVLLLAIVSLVKSDQICIGYHANNSTEQVDTIMEKNVTVTHAQDILEKTHNGKLCDLDGVKPLILRDCSVAGWLLGNPMCDEFINVPEWSYIVEKANPTNDLCYPGSFNDYEELKHLLSRINHFEKIQIIPKSSWSDHEASSGVSSACPYLGSPSFFRNVVWLIKKNSTYPTIKKSYNNTNQEDLLVLWGIHHPNDAAEQTRLYQNPTTYISIGTSTLNQRLVPKIATRSKVNGQSGRMEFFWTILKPNDAINFESNGNFIAPEYAYKIVKKGDSAIMKSELEYGNCNTKCQTPMGAINSSMPFHNIHPLTIGECPKYVKSNRLVLATGLRNSPQRESRRKKRGLFGAIAGFIEGGWQGMVDGWYGYHHSNEQGSGYAADKESTQKAIDGVTNKVNSIIDKMNTQFEAVGREFNNLERRIENLNKKMEDGFLDVWTYNAELLVLMENERTLDFHDSNVKNLYDKVRLQLRDNAKELGNGCFEFYHKCDNECMESIRNGTYNYPQYSEEARLKREEISGVKLESIGTYQILSIYSTVASSLALAIMMAGLSLWMCSNGSLQCRICI
A/Indonesia/NIHRD11771/2011,H5,MEKITLLLSIVSLVKSDQICIGYHANNSTEQVDTIMEKNVTVTHAQDILEKTHNGKLCDLDGVKPLILKDCSVAGWLLGNPMCDEFINVPEWSYIVEKANPTNDLCYPGSFNDYEELKHLLSRINHFEKIQIIPKSSWSDHEASSGVSSACPYLGSPSFFRNVVWLIKKNSTYPTIKKTYNNTNQEDLLILWGIHHPNNGAEQTMLYQNPTTYISIGTSTLNQRLVPKIATRSKVNGQSGRMEFFWTILKPNDAINFESNGNFIAPEYAYKIVKKGDSAIMKSELEYGNCNTKCQTPMGAINSSMPFHNIHPITIGECPKYVKSNRLVLATGLRNSPQRESRRKKRGLFGAIAGFIEGGWQGMVDGWYGYHHSNEQGSGYAADKESTQKAIDGVTNKVNSIIDKMNTQFEAVGREFSNLERRIENLNKKMEDGFLDVWTYNAELLVLMENERTLDFHDSNVKNLYDKVRLQLRDNAKELGNGCFEFYHKCDNECMESIRNGTYNYPQYSEEARLKREEISGVKLESIGTYQILSIYSTVASSLALAIMIAGLSLWMCSNGSLQCRICI
A/Japanese_white-eye/Hong_Kong/1038/2006,H5,MEKIVLFLAIVSLVKSDQICIGYHANNSTEQVDTIMEKNVTVTHAQDILEKTHNGKLCDLDGVKPLILRDCSVAGWLLGNPMCDEFINVPEWSYIVEKANPANDLCYPGNFNDYEELKHLLSRINHFEKIQIIPKSSWSDHEASSGVSSACPYQGTPSFFRNVVWLIKKNNKYPTIKRSYNNTNQEDLLILWGIHHSNDAAEQTKLYQNPTTYISVGTSTLNQRLVPKIATRSKVNGQSGRMDFFWTILKPNDAINFESNGNFIAPEYAYKIVKTGDSAIMKSEVEYGNCNTKCQTPIGAINSSMPFHNIHPLTIGECPKYVKSNKLVLATGLRNSPLRERRRKRGLFGAIAGFIEGGWQGMVDGWYGYHHSNEQGSGYAADKESTQKAIDGVTNKVNSIIDKMNTQFEAVGREFNNLERRIENLNKKMEDGFLDVWTYNAELLVLMENERTLDFHDSNVKNLYDKVRLQLRDNAKELGNGCFEFYHKCDNECMESVRNGTYDYPQYSEEARLKREEISGVKLESIGTYQILSIYSTVASSLALAIMVAGLSLWMCSNGSLQCRICI
A/Jiangsu/NJ210/2023,H5,MENIVLLLAIVNLVKSDQICIGYHANNSTEQVDTIMEKNVTVTHAQDILEKTHNGKLCDLNGVKPLILKDCSVAGWLLGNPMCDEFIRVPEWSYIVERDNPANDLCYPGSLNDYEELKHLLSRINHFEKILIIPKSSWPNHETSLGVSAACPYQGAPSFFRNVVWLIKKDDAYPTIKISYNNTNREDLLILWGIHHSNNAEEQTNLYKNPTTYISVGTSTLNQRLVPKIATRSQVNGQRGRMDFFWTILKPDDAIHFESNGNFIAPEYAYKIVKKGDSTIMKSGVEYGHCNTKCQTPVGAINSSMPFHNIHPLTIGECPKYVKSNKLVLATGLRNSPPREKRRKRGLFGAIAGFIEGGWQGMVDGWYGYHHSNEQGSGYAADKESTQKAIDGVTNKVNSIIDKMNTQFEAVGREFNNLERRIENLNKKMEDGFLDVWTYNAELLVLMENERTLDFHDSNVKNLYDKVRLQLRDNAKELGNGCFEFYHKCDNECMESVRNGTYYYPQYSEEARLKREEISGVKLESIGTYQILSIYSTAASSLALAIMMAGLSLWMCSNGSLQCRICI
A/Ohio/06-1/2025,H5,MENIVLLLAIISLVKSDQICIGYHANNSTEQVDTIMEKNVTVTHAQDILEKAHNGKLCDLNGVKPLILKDCSVAGWLLGNPMCDEFIRVPEWSYIVERANPANDLCYPGSLNDYEELKHLLSRINHFEKILIIPKSSWPNHETSLGVSAACPYQGAPSFFRNVVWLIKKNDAYPTIKISYNNTNREDLLILWGIHHSNNAEEQTNLYKNPTTYISVGTSTLNQRLVPKIATRPQVNGQRGRMDFFWTILKPDDAIHFESNGNFIAPEYAYKIVKKGDSTIMKSGVEYGHCNTKCQTPVGAINSSMPFHNIHPLTIGECPKYVKSNKLVLATGLRNSPLRERRRKRGLFGAIAGFIEGGWQGMVDGWYGYHHSNEQGSGYAADKESTQKAIDGVTNKVNSIIDKMNTQFEAVGREFNNLERRIENLNKKMEDGFLDVWTYNAELLVLMENERTLDFHDSNVKNLYDKVRLQLRDNAKELGNGCFEFYHKCDDECMESVRNGTYDYPQYSEEARLKREEISGVKLESIGTYQILSIYSTAASSLALAIMMAGLSLWMCSNGSLQCRICI
A/Victoria/149/2024,H5,MEKIMFLFAATSLVKSDHICIGYHANNSTEQVDTIMEKNVTVTHAQDILEKTHNGKLCDLNGVKPLVLKDCSVAGWLLGNPMCDEFINVPEWSYIVEKANPANGLCYPGNFNDYEELKHLLSRINHFEKIRIIPKDSWSDHDASLGVSAACPYQGNPSFFRNVVWLIKKNNSYPTIKKSYNNTNQEDLLILWGIHHPNDEAEQTNLYQNPITYISIGTSTLNQRLIPRIATRSKINGQSGRIDFFWTILKPNDAIHFESNGNFIAPEYAYKIVKKGDSTIMKSEVEYGNCNTRCQTPIGAINSSMPFHNIHPLTIGECPKYVKSNKLVLATGLRNSPQKERRRKRGLFGAIAGFIEGGWQGMVDGWYGYHHSNEQGSGYAADKESTQKAIDGVTNKVNSIIDKMNTQFEAVGREFNNLERRIENLNKKMEDGFLDVWTYNAELLVLMENERTLDFHDSNVRNLYDKVRLQLKDNAKELGNGCFEFYHKCDNECMESVRNGTYDYPQYSEEARLKREEISGVKLESIGVYQILSIYSTVASSLVLAIMMAGLSLWMCSNGSLQCRICI
A/Viet Nam/1194/2004,H5,MEKIVLLFAIVSLVKSDQICIGYHANNSTEQVDTIMEKNVTVTHAQDILEKTHNGKLCDLDGVKPLILRDCSVAGWLLGNPMCDEFINVPEWSYIVEKANPVNDLCYPGDFNDYEELKHLLSRINHFEKIQIIPKSSWSSHEASLGVSSACPYQGKSSFFRNVVWLIKKNSTYPTIKRSYNNTNQEDLLVLWGIHHPNDAAEQTKLYQNPTTYISVGTSTLNQRLVPRIATRSKVNGQSGRMEFFWTILKPNDAINFESNGNFIAPEYAYKIVKKGDSTIMKSELEYGNCNTKCQTPMGAINSSMPFHNIHPLTIGECPKYVKSNRLVLATGLRNSPQRERRRKKRGLFGAIAGFIEGGWQGMVDGWYGYHHSNEQGSGYAADKESTQKAIDGVTNKVNSIIDKMNTQFEAVGREFNNLERRIENLNKKMEDGFLDVWTYNAELLVLMENERTLDFHDSNVKNLYDKVRLQLRDNAKELGNGCFEFYHKCDNECMESVRNGTYDYPQYSEEARLKREEISGVKLESIGIYQILSIYSTVASSLALAIMVAGLSLWMCSNGSLQCRICI
A/Viet Nam/1203/2004,H5,MEKIVLLFAIVSLVKSDQICIGYHANNSTEQVDTIMEKNVTVTHAQDILEKKHNGKLCDLDGVKPLILRDCSVAGWLLGNPMCDEFINVPEWSYIVEKANPVNDLCYPGDFNDYEELKHLLSRINHFEKIQIIPKSSWSSHEASLGVSSACPYQGKSSFFRNVVWLIKKNSTYPTIKRSYNNTNQEDLLVLWGIHHPNDAAEQTKLYQNPTTYISVGTSTLNQRLVPRIATRSKVNGQSGRMEFFWTILKPNDAINFESNGNFIAPEYAYKIVKKGDSTIMKSELEYGNCNTKCQTPMGAINSSMPFHNIHPLTIGECPKYVKSNRLVLATGLRNSPQRERRRKKRGLFGAIAGFIEGGWQGMVDGWYGYHHSNEQGSGYAADKESTQKAIDGVTNKVNSIIDKMNTQFEAVGREFNNLERRIENLNKKMEDGFLDVWTYNAELLVLMENERTLDFHDSNVKNLYDKVRLQLRDNAKELGNGCFEFYHKCDNECMESVRNGTYDYPQYSEEARLKREEISGVKLESIGIYQILSIYSTVASSLALAIMVAGLSLWMCSNGSLQCRICI
A/barn swallow/Hong Kong/1161/2010,H5,MEKIVLLFAIISLVKSDHICIGYHANNSTEQVDTIMEKNVTVTHAQDILEKTHNGKLCDLNGVKPLILKDCSVAGWLLGNPMCDEFIDVPEWSYIVEKANPANDLCYPGNFNDYEELKHLLSRINHFEKIRIIPKDSWPDHEASLGVSAACSYQGNSSFFRNVVWLLKKDNAYPIIKKSYNNTNKEDLLVLWGIHHPNDEAEQTRLYQNPTTYVSIGTSTLNQRLVPRIATRSKVNGQSGRIDFFWTILKPNDAINFESNGNFIAPEYAYKIVKKGDSTIMRSEVEYGNCSTRCQTPMGAINSSMPFHNIHPLTIGECPKYVKSNKLVLATGLRNSPQIERRRRKRGLFGAIAGFIEGGWQGMVDGWYGYHHSNEQGSGYAADKESTQKAIDGVTNKVNSIIDKMNTQFEAVGREFNNLERRIENLNKKMEDGFLDVWTYNAELLVLMENERTLDFHDSNVKNLYDKVRLQLRDNAKELGNGCFEFYHKCDNECMESVRNGTYDYPQYSEEARLKREEISGVKLESIGTYQILSIYSTVASSLVLAIMVAGLSLWMCSNGSLQCRICI
A/bovine/Texas/43134/2024,H5,MENIVLLLAIVSLVKSDQICIGYHANNSTEQVDTIMEKNVTVTHAQDILEKTHNGKLCDLNGVKPLILKDCSVAGWLLGNPMCDEFIRVPEWSYIVERANPANDLCYPGSLNDYEELKHMLSRINHFEKIQIIPKSSWPNHETSLGVSAACPYQGAPSFFRNVVWLIKKNDTYPTIKISYNNTNREDLLILWGIHHSNNAEEQTNLYKNPITYISVGTSTLNQRLAPKIATRSQVNGQRGRMDFFWTILKPDDAIHFESNGNFIAPEYAYKIVKKGDSTIMKSGVEYGHCNTKCQTPVGAINSSMPFHNIHPLTIGECPKYVKSNKLVLATGLRNSPLREKRRKRGLFGAIAGFIEGGWQGMVDGWYGYHHSNEQGSGYAADKESTQKAIDGVTNKVNSIIDKMNTQFEAVGREFNNLERRIENLNKKMEDGFLDVWTYNAELLVLMENERTLDFHDSNVKNLYDKVRLQLRDNAKELGNGCFEFYHKCDNECMESVRNGTYDYPQYSEEARLKREEISGVKLESVGTYQILSIYSTAASSLALAIMMAGLSLWMCSNGSLQCRICI
A/cat/Sichuan/SC18/2014,H5,MEKIVLLLAIVSLVKGDQICIGYHANNSTEQVDTIMEKNVTVTHAQDILEKTHNGKLCDLNGVKPLILKDCSVAGWLLGNPMCDEFIRVPEWSYIVERANPANDLCYPGNLNDYEELKHLLSRINHFEKILIIPKSSWTNHETSLGVSAACPYQGTPSFFRNVVWLIKKNDAYPTIKISYNNTNQEDLLILWGVHHSNNAAEQTNLYKNPTTYISVGTSTLNQRLVPKIATRSQVNGQRGRMDFFWTILKPNDAIHFESNGNFIAPEYAYKIVKKGDSTIMKSEMEYGHCNTKCQTPIGAINSSMPFHNIHPLTIGECPKYVKSNKLVLATGLRNSPLREKRRKRGLFGAIAGFIEGGWQGMVDGWYGYHHSNEQGSGYAADKESTQKAIDGVTNKVNSIIDKMNTQFEAVGREFNNLERRIENLNKKMEDGFLDVWTYNAELLVLMENERTLDFHDSNVKNLYDKVRLQLRDNAKELGNGCFEFYHKCDNKCMESVRNGTYDYPQYSEEARLKREEISGVKLESIGTYQILSIYSTVASSLALAIIVAGLSLWMCSNGSLQCRICI
A/cattle/CA/25-022470-005-original/2025,H5,MENIVLLLAIVSLVKSDQICIGYHANNSTEQVDTIMEKNVTVTHAQDILEKTHNGKLCDLNGVKPLILKDCSVAGWLLGNPMCDEFIRVPEWSYIVERANPANGLCYPGSLNDYEELKHMLSRINHFEKIQIFPKSSWPNHETSLGMSAACPHQGAPSFFRNVVWLIKKNDAYPTIKISYNNTNREDLLILWGIHHSNNAKEQTNLYKNPITYISVGTSTLNQRLAPKIATRSQVNGQRGRMDFFWTILRPDDAIHFESNGNFIAPEYAYKIVKKGDSTIMKSGVEYGHCNTKCQTPVGAINSSMPFHNIHPLTIGECPKYVKSNKLVLATGLRNNPLREKRKKRGLFGAIAGFIEGGWQGMVDGWYGYHHSNEQGSGYAADKESTQKAIDGVTNKVNSIIDKMNTQFEAVGREFNNLERRIENLNKKMEDGFLDVWTYNAELLVLMENERTLDFHDSNVKNLYDKVRLQLRDNAKELGNGCFEFYHKCDNECMESVRNGTYDYPQYSEEARLKRGEISGVKLESVGTYQILSIYSTAASSLALAIMMAGLSLWMCSNGSLQCRICI
A/chicken/Bangladesh/11rs1984-30/2011,H5,MEKIVLLLAMISFVGSDQICIGYHANNSTEQVDTIMEKNVTVTHAQDILEKTHNGKLCDLDGVKPLILRDCSVAGWLLGNPMCDEFINVPEWSYIVEKANPANDLCYPGNLNEYEELKHLLSRINHFEKIQIIPKSSWSDHEASLGVSSACPYLGTPSFFRNVVWLIKKNNTYPTIKRSYNNTNQEDLLILWGIHHPNNEAEQIQLYQNPTTYISVGTSTLNQRLVPKIATRSKVNGQSGRMDFFWTILKPDDAINFESNGNFIAPEYAYKIVKKGDSAIMKSDVEYGNCNTKCQTPVGAINSSMPFHNIHHLTIGECPKYVKSNKLVLATGLRNSALREKRRKRGLFGAIAGFIEGGWQGMVDGWYGYHHSNEQGSGYAADKESTQKAIDGVTNKVNSIIDKMNTQFEAVGREFNNLERRIENLNKKMEDGFLDVWTYNAELLVLMENERTLDFHDSNVKNLYDKVRLQLRDNAKELGNGCFEFYHKCDNECMESVRNGTYDYPQYSEEARLKREEISGVKLESIGTYQILSIYSTVASSLALAIMVAGLSLWMCSNGSLQCRICI
A/chicken/Central Java/UT3091/2005,H5,MEKIVLLLAIVSLVKSDQICIGYHANNSTEQVDTIMEKNVTVTHAQDILEKTHNGKLCDLDGVKPLILRDCSVAGWLLGNPMCDEFINVPEWSYIVEKANPANDLCYPGNFNDYEELKHLLSRINHFEKIQIIPKSSWSDHEASSGVSSACPYLGTPSFFRNVVWLIKKNSTYPTIKRSYNNTNQEDLLVLWGIHHPNDAAEQTRLYQNPTTYISVGTSTLNQRLVPKIATRSKVNGQSGRMEFFWTILKPNDAINFESNGNFIAPEYAYKIVKKGDSAIMKSELEYGNCNTKCQTPMGAINSSMPFHNIHPLTIGECPKYVKSNRLVLATGLRNSPQRERRKKRGLFGAIAGFIEGGWQGMVDGWYGYHHSNEQGSGYAADKESTQKAIDGVTNKVNSIIDKMNTQFEAVGREFNNLERRIENLNKKMEDGFLDVWTYNAELLVLMENERTLDFHDSNVKNLYDKVRLQLKDNAKELGNGCFEFYHKCDDECMESVRNGTYNYPQYSEEARLKREEISGVKLESIGIYQILSIYSTVASSLALAIMMAGLSLWMCSNGSLQCRICI
A/chicken/Egypt/7NLQP-CLEVB305/2008,H5,MEKIVLLLAIVSLVKSDQICIGYHANNSTEQVDTIMEKNVTVTHAQDILEKTHNGKLCDLDGVKPLILRDCSVAGWLLGNPMCDEFLNVSEWSYIVEKINPANDLCYPGNFNNYEELKHLLSRINRFEKIQIIPKSSWPDHEASLGVSSACPYQGGPSFYRNVVWLIKKNNTYPTIKKSYHNTNQEDLLVLWGIHHPNDEAEQTRIYKNPTTYISVGTSTLNQRLVPKIATRSKVNGQSGRVEFFWTILKSNDTINFESNGNFIAPENAYKIVKKGDSTIMKSELEYGNCNTKCQTPIGAINSSMPFHNIHPLTIGECPKYVKSNRLVLATGLRNSPQGERRRKKRGLFGAIAGFIEGGWQGMVDGWYGYHHSNEQGSGYAADKESTQKAIDGVTNKVNSIIDKMNTQFEAVGREFNNLERRIENLNKKMEDGFLDVWTYNAELLVLMENERTLDFHDSNVKNLYDKVRLQLRDNAKELGNGCFEFYHRCDNECMESVRNGTYDYPQYSEEARLKREEISGVKLESIGTYQILSIYSTVASSLALAIMVAGLFLWMCSNGSLQCRICI
A/chicken/Egypt/B13826C/2017,H5,MEKIVLLLAIVSIVKSDQICIGYHANNSTEQVDTIMEKNVTVTHAQDILEKTHNGKLCNLDGVKPLILRDCSVAGWLLGNPMCDEFLNVPEWSYIVEKINPANDLCYPGNFNDYEELKHLLSRINHFEKIQIIPKESWSDHDASGVSSACPYQGKSSFFRNVVWLTKKNDAYPTIKKSYNNTNQEDLLVLWGIHHPNDAAEQTKLYQNPNTYISVGTSTLNQRLVPKIATRSKVNGQSGRMEFFWTILKSNDAINFESNGNFIAPENAYKIVKKGDSTIMKSELEYSNCNTKCQTPIGAINSSMPFHNIHPLTIGECPKYVRSNRLVLATGLRNSPQGEKRRKKRGLFGAIAGFIEGGWQGMVDGWYGYHHSNEQGSGYAADKESTQRAIDGVTNKVNSIIDKMNTQFEAVGREFNNLERRIENLNKKMEDGFLDVWTYNAELLVLMENERTLDFHDSNVKNLYDKVRLQLRDNAKELGNGCFEFYHRCDNECMESVKNGTYDYPQYSEEARLKREEISGVKLESIGTYQILSIYSTVASSLALAIMVAGLSLWMCSNGSLQCRICI
A/chicken/Egypt/Q1995D/2010,H5,MEKIVLLLAIVSLVKSDQICIGYHANNSTEQVDTIMEKNVTVTHAQDILEKTHNGKLCDLDGVKPLILRDCSVAGWLLGNPMCDEFPNVSEWSYIVERTNPANDLCYPGNFNNYEELKHLLSRIKRFEKIKIIPKSSWPDHEASLGVSSACPYQGGPSFYRNVVWLIKKNNTYPTIKESYHNTNQEDLLVLWGIHHPNDEEEQTRIYKNPTTYISVGTSTLNQRLVPKIATRSKVNGQSGRVEFFWTILKSNDTINFESNGNFIAPENAYKIVKKGDSTIMKSELEYSNCSTKCQTPVGAINSSMPFHNIHPLTIGECPKYVKSNRLVLATGLRNSPQGEGRRKKRGLFGAIAGFIEGGWQGMVDGWYGYHHSNEQGSGYAADRESTQKAIDGVTNKVNSIIGKMNTQFEAVGREFNNLEKRIENLNKKMEDGFLDVWTYNAELLVLMENERTLDFHDSNVKNLYDKVRLQLRDNAKELGNGCFEFYHRCDNECMESVRNGTYDYPQYSEEARLKREEISGVKLESIGTYQILSIYSTVASSLALAIIMAGLFLWMCSNGSLQCRICI
A/chicken/Egypt/Q7630D/2013,H5,MENIVLLLAVVSIVKSDQICIGYHANNSTEQIDTIMEKNVTVTHAQDILEKTHNGKLCNLDGVKPLILRDCSVAGWLLGNPMCDEFLNVPEWSYIVEKINPANDLCYPGNFNDYEELKHLLSRINHFEKIQIIPKDSWPDHEASGVSSACSYQGISSFFRNVVWLTKKNDAYPTIKKSYNNTNQEDLLVLWGIHHPNDAAEQARLYQNPTTYISVGTSTLNQRLVPKIATRSKVNGQSGRMEFFWTILKSNDAINFESNGNFIAPENAYKIVKKGDSTIMKSELEYSNCNTKCQTPIGAINSSMPFHNIHPLTIGKCPKYVKSNRLVLATGLRNSPQGEKRRKKRGLFGAIAGFIEGGWQGMVDGWYGYHHSNEQGSGYAADKESTQKAIDGVTNKVNSIIDKMNTQFEAVGREFNNLERRIENLNKKMEDGFLDVWTYNAELLVLMENERTLDFHDSNVKNLYDKVRLQLRDNAKELGNGCFEFYHRCDNECMESVRNGTYDYPQYSEEARLKREEINGVKLESIGTYQILSIYSTVASSLALAIMVAGLFLWMCSNGSLQCRICI
A/chicken/France/21328/2021,H5,MENIVLLLAIVSLVKSDQICIGYHANNSTEKVDTIMEKNVTVTHAQDILEKTHNGKLCDLNGVKPLILKDCSVAGWLLGNPMCDEFIRVPEWSYIVERANPANDLCYPGSLNDYEELKHLLSRINHFEKILIIPKSSWPNHETSLGVSAACPYQGAPSFFRNVVWLIKKNDAYPTIKISYNNTNREDLLILWGIHHSNNAEEQTNLYKNPTTYISVGTSTLNQRLVPKIATRSQVNGQRGRMDFFWTILKPDDAIHFESNGNFIAPEYAYKIVKKGDSTIMKSGVEYGHCNTKCQTPVGAINSSMPFHNIHPLTIGECPKYVKSNKLVLATGLRNSPLREKRRKRGLFGAIAGFIEGGWQGMVDGWYGYHHSNEQGSGYAADKESTQKAIDGVTNKVNSIIDKMNTQFEAVGREFNNLERRIENLNKKMEDGFLDVWTYNAELLVLMENERTLDFHDSNVKNLYDKVRLQLRDNAKELGNGCFEFYHKCDNECMESVRNGTYDYPQYSEEARLKREEISGVKLESIGTYQILSIYSTAASSLALAIMIAGLSLWMCSNGSLQCRICI
A/chicken/Ghana/15VIR5480-12/2015,H5,MEKIVLLFATISLVKSDHICIGYHANNSTEQVDTIMEKNVTVTHAQDILEKTHNGKLCNLNGVKPLILKDCSVAGWLLGNPLCDEFTNVPEWSYIVEKANPANDLCYPGNFNDYEELKHLLSRINHFEKIQIIPKDSWSDHEASLGVSAACSYQGNSSFFRNVVWLIKKGNAYPTIKKGYNNTNREDLLILWGIHHPNDEAEQTKLYQNPTTYISIGTSTLNQRLVPKIATRSKINGQSGRIDFFWTILKPNDAIHFESNGNFIAPEYAYKIIKKGDSTIMRSEVEYGNCNTRCQTPIGAINSSMPFHNIHPLTIGECPKYVKSNKLVLATGLRNSPQRERRRKRGLFGAIAGFIEGGWQGMVDGWYGYHHSNEQGSGYAADKESTQKAIDGVTNKVNSIIDKMNTQFEAVGREFNNLERRIENLNKKMEDGFLDVWTYNAELLVLMENERTLDFHDSNVKNLYDKVRLQLKDNAKELGNGCFEFYHKCNNECMESVRNGTYDYPQYSEEARLKREEISGVKLESIGVYQILSIYSTVASSLVLAIMMAGLSLWMCSNGSLQCRICI
A/chicken/Ghana/AVL-763_21VIR7050-39/2021,H5,MENIVLLLAIVSLVKSDQICIGYHANNSTEQVDTIMEKNVTVTHAQDILEKTHNGKLCDLNGVKPLILKDCSVAGWLLGNPMCDEFIRVPEWSYIVERANPANDLCYPGSLNDYEELKHLLSRINHFEKILIIPKSSWPNHETSLGVSAACPYQGAPSFFRNVVWLIKKNDTYPTIKISYNNTNREDLLILWGIHHSNNAEEQTNLYKNPTTYISVGTSTLNQRLVPKIATRSQVNGQRGRMDFFWTILKPDDAIHFESNGNFIAPEYAYKIVKKGDSTIMKSGVEYGHCNTKCQTPVGAINSSMPFHNIHPLTIGECPKYVKSNKLVLATGLRNSPLREKRRKRGLFGAIAGFIEGGWQGMVDGWYGYHHSNEQGSGYAADKESTQKAIDGVTNKVNSIIDKMNTQFEAVGREFNNLERRIENLNKKMEDGFLDVWTYNAELLVLMENERTLDFHDSNVKNLYNKVRLQLRDNAKELGNGCFEFYHKCDNECMESVRNGTYDYPQYSEEARLKREEISGVKLESIGTYQILSIYSTAASSLALAIMMAGLSLWMCSNGSLQCRICI
A/chicken/Guizhou/1153/2016,H5,MEKIVLLFATISLVKSDHICIGYHANNSTEQVDTIMEKNVTVTHAQDILEKTHNGKLCDLNGVKPLILKDCSVAGWLLGNPWCDEFINVPEWSYIVEKANPVNGLCYPGNFNDYEELKHLLSRINHFEKIQIIPKDSWSDHEASMGVSAACSYQGKSSFFRNVVWLIKKNDTYPTIKKDYNNTNREDLLVLWGIHHPNNKAEQITLYQNPTTYISIGTSTLNQRLVPKIATRSKINGQSGRIDFFWTILKPNDAIHFESNGNFIAPEYAYKIVKKGDSTIMRSEVEYGNCNTRCQTPVGAINSSMPFHNIHPLTIGECPKYVKSNKLVLATGLRNSPQRERRRKRGLFGAIAGFIEGGWQGMVDGWYGYHHSNEQGSGYAADKESTQKAIDGVTNKVNSIIDKMNTQFEAVGREFNNLERRIENLNKKMEDGFLDVWTYNAELLVLMENERTLDFHDSNVKNLYDKVRLQLKDNAKELGNGCFEFYHKCNNECMESVRNGTYDYPQYSEEARLKREEISGVKLESIGVYQILSIYSTVASSLVLAIMMAGLSLWMCSNGSLQCRICI
A/chicken/Khanhhoa/CVVI-28/2014,H5,MEKIVLLFATISIVKSDHICIGYHANNSTEQVDTIMEKNVTVTHAQDILEKTHNGKLCDLNGVKPLILKDCSVAGWLLGNPLCDEFTNVPEWSYIVEKANPANDLCYPGNFNDYEELKHLLSRINHFEKIQIIPKDSWSDHEASLGVSAACSHQGNSSFFRNVVWLIKKDNAYPTIKKDYNNTNREDLLILWGIHHPNDEAEQTRLYQNPTTYISIGTSTLNQRLVPKIATRSKINGQSGRIDFFWTILKPNDAIHFESNGNFIAPEYAYKIVKKGDSTIMRSEVEYGNCNTRCQTPIGAINSSMPFHNIHPLTIGECPKYVKSNKLVLATGLRNSPQRERRRKRGLFGAIAGFIEGGWQGMVDGWYGYHHSNEQGSGYAADKESTQKAIDGVTNKVNSIIDKMNTQFEAVGREFNNLERRIENLNKKMEDGFLDVWTYNAELLVLMENERTLDFHDSNVKNLYDKVRLQLKDNAKELGNGCFEFYHKCNNECMESVRNGTYDYPQYSEEARLKREEISGVKLESIGIYQILSIYSTVASSLVLAIMMAGLSLWMCSNGSLQCRICI
A/chicken/Nandurbar/7966/2006,H5,MEKIVLLLAIVSLVKSDQICIGYHANNSTEQVDTIMEKNVTVTHAQDILEKTHNGKLCDLDGVKPLILRDCSVAGWLLGNPMCDEFLNVPEWSYIVEKINPANDLCYPGNFNDYEELKHLLSRINHFEKIQIIPKSSWSDHEASSGVSSACPYQGRSSFFRNVVWLIKKNDAYPTIKRSYNNTNQEDLLVLWGIHHPNDAAEQTRLYQNPTTYISVGTSTLNQRLVPKIATRSKVNGQSGRMEFFWTILKPNDAINFESNGNFIAPENAYKIVKKGDSTIMKSELEYGNCNTKCQTPIGAINSSMPFHNIHPLTIGECPKYVKSNRLVLATGLRNSPQGERRRKKRGLFGAIAGFIEGGWQGMVDGWYGYHHSNEQGSGYAADKESTQKAIDGVTNKVNSIIDKMNTQFEAVGREFNNLERRIENLNKKMEDGFLDVWTYNAELLVLMENERTLDFHDSNVKNLYDKVRLQLRDNAKELGNGCFEFYHRCDNECMESVRNGTYDYPQYSEEARLKREEISGVKLESIGTYQILSIYSTVASSLALAIMVAGLSLWMCSNGSLQCRICI
A/chicken/Nigeria/16VIR5840-18/2015,H5,MEKIVLLFATISLVKSDHICIGYHANNSTEQVDTIMEKNVTVTHAQDILEKTHNGKLCDLNGVKPLILKDCSVAGWLLGNPLCGDFTNVPEWSYIVEKANPANDLCYPGNFNDYEELKHLLSRINHFEKIQIIPKDSWSDHEASLGVSAACSYQGNSSFFRNVVWLIKKDNAYPTIKKGYNNTNREDLLILWGIHHPNDEAEQTKLYQNPTTYISIGTSTLNQRLVPKIATRSKINGQSGRIDFFWTILKTNDAIHFESNGNFIAPEYAYKIVKKGDSTIMRSEVEYGNCNTRCQTPIGAINSSMPFHNIHPLTIGECPKYVKSNKLVLATGLRNSPQRERRRKRGLFGAIAGFIEGGWQGMVDGWYGYHHSNEQGSGYAADKESTQKAIDGITNKVNSIIDKMNTQFEAVGKEFNNLERRIENLNKKMEDGFLDVWTYNAELLVLMENERTLDFHDSNVKNLYDKVRLQLKDNAKELGNGCFEFYHKCNNECMESVRNGTYDYPQYSEEARLKREEISGVKLESIGVYQILSIYSTVASSLVLAIMMAGLSLWMCSNGSLQCRICI
A/chicken/Shanxi/2/2006,H5,MEKIVLLLAIIGLVKSDQICVGYHANNSTEQVDTIMEKNVTVTHAQDILEKTHNGKLCNLDGVKPLILKDCSVAGWLLGNPMCDEFLNVSEWSYIVEKASPANGLCYPGDFNDYEELKHLLSRINHFEKIKIIPKSSWSNHEASGVSSACSYLGKPSFFRNLVWLIKKNNTYPPIKVNYTNTNQEDLLVLWGIHHPNDETEQVKIYQNPTTYISVGTSTLNQRLVPKIATRSKVNGQSGRMEFFWTILKPNDAINFDSNGNFIAPEYAYKIVKKGDSAIMKSELEYGNCNTKCQTPMGAINSSMPFHNIHPLTIGECPKYVKSNRLVLATGLRNAPQREGGRRKRGLFGAIAGFIEGGWQGMVDGWYGYHHSNEQGSGYAADKESTQKAIDGITNKVNSIIDKMNTQFEAVGREFNNLERRIENLNKKMEDGFLDVWTYNAELLVLMENERTLDFHDSNVKNLYEKVRLQLRDNAKELGNGCFEFYHKCDNECMESVKNGTYDYPQYSEEARLNREEISGVKLESMVTYQILSIYSTVASSLALAIMVAGLSLWMCSNGSLQCRICI
A/chicken/Viet Nam/Ncvd8/2003,H5,MEKIVLLLAIVSLVKSDQICIGYHANNSTEQVDTIMEKNVTVTHAQDILEKTHNGKLCDLDGVKPLILRDCSVAGWLLGNPMCDEFINVPEWSYIVEKASPANDLCYPGDFNDYEELKHLLSRINHFEKIQIIPKSSWSNHEASSGVSSACPYQGRPSFFRNVVWLIKRNSAYPTIKRSYNNTNQEDLLVLWGIHHPNDAAEQTKLYQNPTTYISVGTSTLNQRLVPKIATRSKVNGQSGRMEFFWTILKPNDAINFESNGNFIAPEYAYKIVKKGDSAIMKSELEYGNCNTKCQTPMGAINSSMPFHNIHPLTIGECPKYVKSNRLVLATGLRNSPQREIRRKKRGLFGAIAGFIEGGWQGMVDGWYGYHHSNEQGSGYAADKESTQKAIDGVTNKVNSIIDKMNTQFEAVGREFNNLERRIENLNKKMEDGFLDVWTYNAELLVLMENERTLDFHDSNVKNLYDKVRLQLRDNAKELGNGCFEFYHKCDNECMESVRNGTYDYPQYSEEARLKREEISGVKLESIGTYQILSIYSTVASSLALAIMVAGLSLWMCSNGSLQCRICI
A/chicken/Vietnam/NCVD-016/2008,H5,MEKIVLLLAMIGLVKSDQICIGYHANNSTEQVDTIMEKNVTVTHAQDILEKTHNGKLCNLDGVKPLILKDCSVAGWLLGNPMCDEFLNVSEWSYIVEKASPANGLCYPGDFNDYEELKHLLSRINHLKKIKIIPKSYWSNHEASSGVSAACSYLGEPSFFRNVVWLIKKNNTYPPIKVNYTNTNQEDLLVLWGIHHPNDEKEQIRIYQNPNTSISVGTSTLNQRLVPKIATRPKVNGQSGRMEFFWTILKPNDSINFDSNGNFIAPEYAYKIAKKGDSVIMKSELEYGNCNTKCQTPMGAINSSMPFHNIHPLTIGECPKYVKSNRLVLATGLRNAPQREGGRRRKRGLFGAIAGFIEGGWQGMVDGWYGYHHSNEQGSGYAADKESTQKAIDGITNKVNSIIDKMNTQFEIVGREFNNLERRIENLNKKMEDGFLDVWTYNAELLVLMENERTLDFHDSNVKNLYEKVRLQLRDNAKELGNGCFEFYHKCDNECMESVRNGTYDYPQYSEEARLSREEISGVKMESMVTYQILSIYSTVASSLALAIMVAGLSLWMCSNGSLQCRICI
A/chicken/Vietnam/NCVD-03/2008,H5,MEKIVLLLAIISLVKSDQICIGYHANNSTEQVDTIMEKNVTVTHAQDILEKTHNGKLCNLDGVKPLILKDCSVAGWLLGNPMCDEFLNVSEWSYIVEKASPANGLCYPGDFNDYEELKHLLNRITHLKKIKIIPKSYWSNHEASSGVSAACSYMGEPSFFRNVVWLIKKNNTYPPIKVNYTNTNQEDLLVLWGIHHPNNEAEQIQIYQNLITHISVGTSTLNQRLIPKIATRSKVNGQSGRMEFFWTILKPNDSINFDSNGNFIAPEYAYIVKKGDSAIMKSELEYGNCNTKCQTPMGAINSSMPFHNIHPLTIGECPKYVKSNRLVLATGLRNAPQREREGGRRRKRGLFGAIAGFIEGGWQGMVDGWYGYHHSNEQGSGYAADKESTQKAIDGITNKVNSIIDKMNTQFEAVGREFNNLERRIENLNKKMEDGFLDVWTYNAELLVLMENERTLDFHDSNVKNLYEKVRLQLRDNAKELGNGCFEFYHKCDNECMESVRNGTYDYSQYSEEARLSREEINGVKLESMVTYQILSIYSTVASSLALAIMVAGLSLWMCSNGSLQCRICI
A/chicken/Vietnam/NCVD-15A59/2015,H5,MEKIVLLLALVSLVKSDQICIGYHANNSTEQVDTIMEKNVTVTHAQDILEKTHNGRLCDLNGVKPLILKDCSVAGWLLGNPMCDEFIRVPEWSYIVERANPANDLCYPGNLNDYEELKHLLSRINHFEKTLIIPKSSWPNHETSLGVSAACPYQGMPSFFRNVVWLTKKNDAYPTIKVSYNNTNREDLLILWGIHHSNNAAEQTNLYKNPTTYVSVGTSTLNQRLVPKIATRSQVNGQRGRMDFFWTILKPNDAIHFESNGNFIAPEYAYKIVKKGDSTIMKSEMEYGHCNTKCQTPIGAINSSMPFHNIHPLTIGECPKYVKSNKLVLATGLRNSPLRERRRKRGLFGAIAGFIEGGWQGMVDGWYGYHHSNEQGSGYAADRESTQKAIDGVTNKVNSIIDKMNTQFEAVGREFNNLERRIENLNKKMEDGFLDVWTYNAELLVLMENERTLDFHDSNVKNLYDKVRLQLRDNAKELGNGCFEFYHKCDNECMESVRNGTYDYPQYSEEARLKREEISGVKLESIGTYQILSIYSTVASSLTLAIIVAGLSLWMCSNGSLQCRICI
A/chicken/Vietnam/Raho4-Cd-20-421/2020,H5,MEKIVLLLAVVSLVKSDQICIGYHANNSTEQVDTIMEKNVTVTHAQDILEKTHNGRLCDLNGVKPLILKDCSVAGWLLGNPMCDEFIRVPEWSYIVERANPPHDLCYPGNLNDYEELKHLLSRINHFEKTLIIPKSSWPNHETSLGVSAACQYQGMPSFFRNVVWLIKKNDAYPTIEMSYNNTNSEDLLILWGIHHSNNAAEQTNLYKNPTTYVSVGTSTLNQRLVPKIATRSQVNGQRGRMDFYWTILKPNDAIHFESNGNFIAPEYAYKIVKKGDSTIMKSEMEYGRCNTKCQTPIGAINSSMPFHNIHPLTIGECPKYVKSNKLVLATGLRNSPLRERRRKRGLFGAIAGFIEGGWQGMVDGWYGYHHSNEQGSGYAADKESTQKAIDGVTNKVNSIIEKMNTQFEAVGREFNNLERRIENLNKKMEDGFLDVWTYNAELLVLMENERTLDFHDSNVKNLYDKVRLQLRDNAKELGNGCFEFYHKCDNECMESVRNGTYNYPQYSEEARLKREEISGVKLESIGTYQILSIYSTVASSLALAIIVAGLSLWMCSNGSLQCRICI
A/common_magpie/Hong_Kong/5052/2007,H5,MEKIVLLFAIVSLVKSDHICIGYHANNSTEQVDTIMEKNVTVTHAQDILEKTHNGKLCDLNGVKPLILKDCSVAGWLLGNPMCDEFINVPEWSYIVEKANPANDLCYPGNFNDYEELKHLLSRINHFEKIQIIPKDSWSDHEASLGVSSACPYQGNSSFFRNVVWLIKKGNAYPTIKKSYNNTNQEDLLVLWGIHHPNDEAEQTRLYQNPTTYISIGTSTLNQRLVPKIATRSKVNGQSGRIDFFWTILKPNDAINFESNGNFIAPEYAYKIVKKGDSTIMKSEVEYGNCNTRCQTPMGAINSSMPFHNIHPLTIGECPKYVKSNKLVLATGLRNSPQRERRRKRGLFGAIAGFIEGGWQGMVDGWYGYHHSNEQGSGYAADKESTQKAIDGVTNKVNSIIDKMNTQFEAVGREFNNLERRIENLNKKMEDGFLDVWTYNAELLVLMENERTLDFHDSNVKNLYDKVRLQLRDNAKELGNGCFEFYHKCDNECMESVRNGTYDYPQYSEEARLKREEISGVKLESIGTYQILSIYSTVASSLVLAIMVAGLSSWMCSNGSLQCRICI
A/crow/Osaka/102/2004(H5N1),H5,MEKIVLLLAIVSLVKSDQICIGYHANNSTEQVDTIMEKNVTVTHAQDILEKTHNGKLCDLDGVKPLILRDCSVAGWLLGNPMCDEFINVPEWSYIVEKANPSNDLCYPGNFNDYEELKHLLSRINHFEKIQIIPKSSWPDHEASSGVSSACPYQGRSSFFRNVVWLIKKNSAYPTIKRSYNNTNQEDLLVLWGIHHPNDAAEQTRLYQNPTTYISVGTSTLNQRLVPKIATRSKVNGQSGRMEFFWTILKPNDAISFESNGNFIAPEYAYKIVKKGDSAIMKSELEYGNCNTKCQTPMGAINSSMPFHNIHPLTIGECPKYVKSSRLVLATGLRNSPQRERRKKRGLFGAIAGFIEGGWQGMVDGWYGYHHSNEQGSGYAADKESTQKAIDGVTNKVNSIIDKMNTQFEAVGREFNNLERRIENLNKKMEDGFLDVWTYNAELLVLMENERTLDFHDSNVKNLYDKVRLQLRDNAKELGNGCFEFYHRCDNECIESVRNGTYDYPQYSEEARLKREEISGVKLESIGTYQILSIYSTVASSLALAIMVAGLSLWMCSNGSLQCRICI
A/dalmatian pelican/Astrakhan/417-2/2021,H5,MENIVLLLAIVSLVKSDQICIGYHANNSTEQVDTIMEKNVTVTHAQDILEKTHNGKLCDLNGVKPLILKDCSVAGWLLGNPMCDEFIRVPEWSYIVERANPANDLCYPGSLNDYEELKHLLSRINHFEKILIIPKSSWPNHETSLGVSAACPYQGAPSFFRNVVWLIKKNDAYPTIKISYNNTNREDLLILWGIHHSNNAEEQTNLYKNPTTYISVGTSTLNQRLVPKIATRSQVNGQRGRMDFFWTILKPDDAIHFESNGNFIAPEYAYKIVKKGDSTIMKSGVEYGHCNTKCQTPVGAINSSMPFHNIHPLTIGECPKYVKSNKLVLATGLRNSPLREKRRKRGLFGAIAGFIEGGWQGMVDGWYGYHHSNEQGSGYAADKESTQKAIDGVTNKVNSIIDKMNTQFEAVGREFNNLERRIENLNKKMEDGFLDVWTYNAELLVLMENERTLDFHDSNVKNLYDKVRLQLRDNAKELGNGCFEFYHKCDNECMESVRNGTYDYPQYSEEARLKREEISGVKLESIGTYQILSIYSTAASSLALAIMMAGLSLWMCSNGSLQCRICI
A/duck/Bangladesh/17D1012/2018,H5,MEKIVLLFAATSLVKSDHICIGYHANNSTKQVDTIMEKNVTVTHAQDILEKTHNGKLCDLNGVKPLILKDCSVAGWLLGNPMCDEFINVPEWSYIVEKANPANGLCYPGNFNDYEELKHLLSRINHFEKIRIIPKDSWSDHEASLGVSAACPYQGNSSFFRNVVWLIKKNNAYPTIKKSYNNTNQEDLLILWGIHHPNDEAEQTRLYQNPTTYISIGTSTLNQRLVPKIATRSKINGQSGRIDFFWTILKPNDAIHFESNGNFIAPEYAYKIVKKGDSTIMKSEVEYGNCNTRCQTPIGAINSSMPFHNIHPLTIGECPKYVKSNKLVLATGLRNSPQRERRRKRGLFGAIAGFIEGGWQGMVDGWYGYHHSNEQGSGYAADKESTQKAVDGVTNKVNSIIDKMNTQFEAVGREFNNLERRIENLNKKMEDGFLDVWTYNAELLVLMENERTLDFHDSNVRNLYDKVRLQLKDNAKELGNGCFEFYHKCDNECMESVRNGTYDYPQYSEEARLKREEISGVKLESIGIYQILSIYSTVASSLVLAIMMAGLSLWMCSNGSLQCRICI
A/duck/Bangladesh/19097/2013,H5,MEKIVLLFAAISLVKSDHICIGYHANNSTKQVDTIMEKNVTVTHAQDILEKTHNGKLCDLNGVKPLILKDCSVAGWLLGNPMCDEFINVPEWSYIVEKANPANGLCYPGNFNDYEELKHLLSRINHFEKIRIIPKDSWSDHEASLGVSAACPYQGNSSFFRNVVWLIKKDNTYPTIKKSYNNTNQEDLLILWGIHHPNDEAEQTRLYQNPTTYISIGTSTLNQRLVPKIATRSKINGQSGRIDFFWTILKPNDAIHFESNGNFIAPEYAYKIVKKGDSTIMKSEVEYGNCNTRCQTPIGAINSSMPFHNIHPLTIGECPKYVKSNKLVLATGLRNSPQRERRRKRGLFGAIAGFIEGGWQGMVDGWYGYHHSNEQGSGYAADKESTQKAIDGVTNKVNSIIDKMNTQFEAVGREFNNLERRIENLNKKMEDGFLDVWTYNAELLVLMENERTLDFHDSNVRNLYDKVRLQLKDNAKELGNGCFEFYHKCNNECMESVRNGTYDYPQYSEEARLRREEISGVKLESIGIYQILSIYSTVASSLVLAIMMAGLSLWMCSNGSLQCRICI
A/duck/Bangladesh/43127/2020,H5,MEKTILLFSVVSLVKSDQICIGYHANNSTEQVDTIMEKNVTVTHAQDILEKTHNGKLCDLNGVKPLILKDCSVAGWLLGNPMCDEFISVPEWSYIVERANPANDLCYPGNLNDYEELKHLLSRINHFEKTQIIPKRSWSNHTSSGVSAACPYQGVASFFRNVVWLTKKNDAYPTIKMSYNNTNKEDLLILWGIHHSNSAEEQISLYKNPTTYVSVGTSTLNQRLVPKIATRSQVNGQRGRMDFFWTILRPSDAIHFESNGNFIAPEYAYKIIKTGDSTIMKSELEYGNCNTKCQTPIGAINSSMPFHNIHPLTIGECPKYVKSNKLVLATGLRNSPLRERRRKRGLFGAIAGFIEGGWQGMVDGWYGYHHSNEQGSGYAADRESTQKAIDGVTNKVNSIIDKMNTQFEAVGREFNSLERRIENLNKKMEDGFLDVWTYNAELLVLMENERTLDFHDSNVKNLYDKVRLQLRDNAKELGNGCFEFYHKCDNECMESVRNGTYDYPQYSEEARLKREEISGVKLESIGTYQILSIYSTVASSLVLAIIVAGLSLWMCSNGSLQCRICI
A/duck/Bangladesh/51601/2021,H5,MENIVLLLAIVSLVKSDQICIGYHANNSTEQVDTIMEKNVTVTHAQDILEKTHNGKLCDLNGVKPLILKDCSVAGWLLGNPMCDEFIRVPEWSYIVERANPANDLCYPGSLNDYEELKHLLSRINHFEKILIIPKSSWPNHETSLGVSAACPYQGAPSFFRNVVWLIKKDDAYPTIKISYNNTNREDLLILWGIHHSNNAEEQTNLYKNPTTYISVGTSTLNQRLVPKIATRSQVNGQRGRMDFFWTILKPDDAIHFESNGNFIAPEYAYKIVKKGDSTIMKSGVEYGHCNTKCQTPVGAINSSMPFHNIHPLTIGECPKYVKSNKLVLATGLRNSPLREKRRKRGLFGAIAGFIEGGWQGMVDGWYGYHHSNEQGSGYAADKESTQKAIDGVTNKVNSIIDKMNTQFEAVGREFNNLERRIENLNKKMEDGFLDVWTYNAELLVLMENERTLDFHDSNVKNLYDKVRLQLRDNAKELGNGCFEFYHKCDNECMESVRNGTYDYPQYSEEARLKREEISGVKLESIGTYQILSIYSTAASSLALAIMMAGLSLWMCSNGSLQCRICI
A/duck/France/150234/2015,H5,MEKIVFLLAIVSLVESDQICIGYHANNSTEQVDTIMEKNVTVTHAQDILEKAHNGKLCSLNGVKPLILRDCSVAGWLLGNPMCDEFLNVPEWSYIVEKNNPVNGLCYPGDFNDYEELKHLLSSTNHFEKIQIISRNSWSNHDASSGVSSACPYNGRSSFFRNVVWLIKKNNAYPTIKRSYNNTNQEDLLVLWGVHHPNDAAEQTRLYQNPTTYVSVGTSTLNQRSTPEIATRPRVNGQGGRMTFFWTILKPNDAINFESNGNFIAPEYAYKIVKKGDSAIMKSGLEYGNCDTRCQTPMGAINSSMPFHNIHPLTIGECPKYVKSGRLVLATGPRNVPQRETRGLFGAIAGFIEGGWQGMVDGWYGYHHSNEQGSGYAADKESTQKAIDGITNKVNSIIDKMNTQFEAVGKEFNNLERRIENLNKKMEDGFLDVWTYNAELLVLMENERTLDFHDSNVKNLYDKVRLQLRDNAKELGNGCFEFYHKCDNECMESVRNGTYDYPQYSEEARLNREEISGVKLESMGTYQILSIYSTVASSLALAIMIAGLSFWMCSNGSLQCRICI
A/duck/Guangdong/01/2001,H5,MEKIVLLLAIVSLVKSDQICIGYHANNSTEQVDTIMEKNVTVTHAQDILEKTHNGKLCDLDGVKPLILRDCSVAGWLLGNPMCDEFINVPEWSYIVEKASPANDLCYPGDFNDYEELKHLLSRINHFEKIQIIPKSSWSNHEASSGVSSACPYLGKSSFFRNVVWLIKKNSAYPTIKRSYNNTNQEDLLVLWGIHHPNDAAEQTKLYQNPTTYISVGTSTLNQRLVPKIATRSKVNGQSGRMEFFWTILKPNDAINFESNGNFIAPEYAYKIVKKGDSAIMKSELEYGNCNTKCQTPMGAINSSMPFHNIHPLTIGECPKYVKSNRLVLATGLRNTPQRERRRKRRGLFGAIAGFIEGGWQGMVDGWYGYHHSNEQGSGYAADKESTQKAIDGVTNKVNSIIDKMNTQFEAVGREFNNLERRIENLNKKMEDGFLDVWTYNAELLVLMENERTLDFHDSNVKNLYDKVRLQLRDNAKELGNGCFEFYHKCDNECMESVKNGTYDYPQYSEEARLNREEISGVKLESMGTYQILSIYSTVASSLALAIMVAGLSLWMCSNGSLQCRICI
A/duck/Hunan/795/2002,H5,MEKIVLLLAIVSLVKSDQICIGYHANNSTEQVDTIMEKNVTVTHAQDILEKTHNGKLCDLDGVKPLILRDCSVAGWLLGNPMCDEFINVPEWSYIVEKANPANDLCYPGNFNDYEELKHLLSRINHFEKIQIIPKSSWSDHEASSGVSSACPYQGKSSFFRNVVWLIKKNSAYPTIKRSYNNTNQEDLLVLWGIHHPNDAAEQTRLYQNPTTYISVGTSTLNQRLVPKIATRSKVNGQSGRMEFFWTILKPNDAINFESNGNFIAPEYAYKIVKKGDSAIMKSELEYGNCNTKCQTPMGAINSSMPFHNIHPLTIGECPKYVKSNRLVLATGLRNSLQRERRRKKRGLFGAIAGFIEGGWQGMVDGWYGYHHSNEQGSGYAADKESTQKAIDGVTNKVNSIIDKMNTQFEAVGREFNNLERRIENLNKKMEDGFLDVWTYNAELLVLMENERTLDFHDSNVKNLYDKVRLQLRDNAKELGNGCFEFYHKCDNECMESIRNGTYNYPQYSEEARLKREEISGVKLESIGTYQILSIYSTVASSLALAIMVAGLSLWMCSNGSLQCRICI
A/duck/Hunan/S4101/2011,H5,MERTILLLALVSLVQGDQICIGYHANNSTEQVDTIMEKNVTVTHAQDILERTHNGKLCSLNGVKPLILKDCSVAGWLIGNPKCDAFLSVPEWSYIVEKDSPAEGLCYPGSVNDYEELKHLLTSTKHFEKIRIIPKESWSNHDASGVTSACSYLGGSSFYRNVVWLIKKNNEYPTIKRTYNNTNQEDLLIIWGIHHPSSTTEQTNLYKNSNTYVSVGTSTLNQRSIPEIATRPKVKGQSGRMDFFWTILRPNDAINFESNGNFIAPEYAFKIAKRGDSAVMKSELGYGNCDAKCQTPLGAVNSSMPFHNIHPLTIGECPKYVKSDRLVLATGLRNVPQKETKGLFGAIAGFIEGGWQGMVDGWYGYHHSNDQGSGYAADKESTQKAIDGITNKVNSIIDKMNTQFEAAGKEFNNLERRIENLNKKMEDGFLDVWTYNAELLVLMENERTLDFHDSNVKNLYDKVRLQLRDNAKELGNGCFEFYHKCDNECMESVRNGTYDYPQYSEESRLNREEINGVKLESIGVYQILSIYSSVASSLALAIIIAGLSFWMCSNGSLQCRICI
A/duck/Laos/3295/2006,H5,MEKIVLLLAIVSLVKSDQICIGYHANNSTEQVDTIMEKNVTVTHAQDILEKTHNGKLCDLDGVKPLILRDCSVAGWLLGNPMCDEFINVPEWSYIVEKANPANDLCYPGNFNDYEELKHLLSRINHFEKIQIIPKSSWSDHEASSGVSSACPYQGTPSFFRNVVWLIKKNNTYPTIKRSYNNTNQEDLLILWGIHHSNDAAEQTKLYQNPTTYISVGTSTLNQRLVPKIATRSKVNGQSGRMDFFWTILKPNDAINFESNGNFIAPEYAYKIVKKGDSAIIKSEVEYGNCNTKCQTPIGAINSSMPFHNIHPLTIGECPKYVKSNKLVLATGLRNSPLRERRRKRGLFGAIAGFIEGGWQGMVDGWYGYHHSNEQGSGYAADKESTQKAIDGVTNKVNSIIDKMNTQFEAVGREFNNLERRIENLNKKMEDGFLDVWTYNAELLVLMENERTLDFHDSNVKNLYDKVRLQLRDNAKELGNGCFEFYHKCDNECMESVRNGTYDYPQYSEEARLKREEISGVKLESIGTYQILSIYSTVASSLALAIMVAGLSLWMCSNGSLQCRICI
A/duck/Nanchang/9789/2013,H5,MEKIVLLLAIVSLVKSDHICIGYHANNSTEQVDTIMEKNVTVTHAQDILEKTHNGKLCDLNGVKPLILKDCSVAGWLLGNPMCDEFIDVPEWSYIVEKTNPANDLCYPGSFNDYEELKHLLSRINHFEKIRIIPQDSWPDHEASLGVSAACSYQGNSSFFRNVVWLLKKNDAYPIITKSYNNTNKEDLLILWGIHHPNDEAEQIRLYKNPTTYVSIGTSTLNQRLVPRIATRSKVNGQRGRIDFFWTILKPNDAINFESNGNFIAPEYAYKIVKKGDSTIMRSEVEYGNCSTRCQTPMGAINSSMPFHNIHPLTIGECPKYVKSNKLVLATGLRNSPQIERRRRKRGLFGAIAGFIEGGWQGMVDGWYGYHHSNEQGSGYAADKESTQKAIDGVTNKVNSIINKMNTQFEAVGREFNNLERRIENLNKKMEDGFLDVWTYNAELLVLMENERTLDFHDSNVKNLYDKVRLQLRDNAKELGNGCFEFYHKCDNECMESVRNGTYDYPQYSEEARLKREEISGVKLESIGTYQILSIYSTVASSLVLAIMVAGLSLWMCSNGSLQCRICI
A/duck/Novosibirsk/56/2005,H5,MEKIVLLLAIVSLVKSDQICIGYHANNSTEQVDTIMEKNVTVTHAQDILEKTHNGKLCDLDGVKPLILRDCSVAGWLLGNPMCDEFLNVPEWSYIVEKINPANDLCYPGNFNDYEELKHLLSRINHFEKIQIIPKSSWSDHEASSGVSSACPYQGRSSFFRNVVWLIKKNNAYPTIKRSYNNTNQEDLLVLWGIHHPNDAAEQTRLYQNPTTYISVGTSTLNQRLVPKIATRSKVNGQSGRMEFFWTILKPNDAINFESNGNFIAPENAYKIVKKGDSTIMKSELEYGNCNTKCQTPIGAINSSMPFHNIHPLTIGECPKYVKSNRLVLATGLRNSPQGERRRKKRGLFGAIAGFIEGGWQGMVDGWYGYHHSNEQGSGYAADKESTQKAIDGVTNKVNSIIDKMNTQFEAVGREFNNLERRIENLNKKMEDGFLDVWTYNAELLVLMENERTLDFHDSNVKNLYDKVRLQLRDNAKELGNGCFEFYHRCDNECMESVRNGTYDYPQYSEEARLKREEISGVKLESIGTYQILSIYSTVASSLALAIMVAGLSLWMCSNGSLQCRICI
A/duck/Taiwan/DV30-2/2005,H5,MRKIVLFLSIASLVNSDKICIGYHANNSTAKVDTIMEKNVTVTHAKDILEKEHNGKLCGLNGVKPLILRDCSVAGWLLGNPMCDEFLMVPEWSYIVEKNNPANGLCYPGDFQDYEELKHLLSSTTHFEKIQIFPRNSWPQHDTSGVTAACPFNGKSSFFRNMVWLTKKNNEYLTIKRSYKNTNQEDLLIMWGIHHPNHDEEQVRLYKNPRTYISVGTSTLNQRLSPIIAERPQVNGQSGRMSFYWTILKPSDTINFETNGNFIPPEYAFKIAKKGDSAIIRSELEYGNCNTRCQTPMGALNSSMPFQNIHPITIGECPKYVKSNRLVLATGLRNIPQIETRGLFGAIAGFIEGGWQGMVDGWYGYHHSNDQGSGYAADKESTQRAIDGITNKVNSIIDKMNTQFEAVGKEFNNLERRIGNLNKKMEDGFLDIWTYNAELLVLMENERTLDLHDSNVKNLYEKVRLQLKDNAKELGNGCFEFHHKCDNECMESVKNGTYNYPHYSEEARLKREEISGVKLESIGTYQILSIYSTAASSLVLAIMIAGLSFWMCSNGSLQCRICI
A/duck/Tegal/BBVW-1727-11/2012,H5,MEKIILLFATISLVKSDHICIGYHANNSTEQVDTIMEKNVTVTHAQDILEKTHNGKLCDLNGVKPLILKDCSVAGWLLGNPLCDEFTNVPEWSYIVEKANPANDLCYPGNFNDYEELKHLLSRINHFEKIQIIPKDSWSDHEASLGVSAACSYQGNSSFFRNVVWLIKKDNAYPTIKKGYNNTNREDLLILWGIHHPNDEAEQTRLYQNPTTYISIGTSTLNQRLVPKIATRSKINGQSGRIDFFWTILKPNDAIHFESNGNFIAPEYAYKIVKKGDSTIMRSEVEYGNCNTRCQTPIGAINSSMPFHNIHPLTIGECPKYVKSNKLVLATGLRNSPQRERRRKRGLFGAIAGFIEGGWQGMVDGWYGYHHSNEQGSGYAADKESTQKAIDGVTNKVNSIIDKMNTQFEAVGREFNNLERRIENLNKKMEDGFLDVWTYNAELLVLMENERTLDFHDSNVKNLYDKVRLQLKDNAKELGNGCFEFYHKCNNECMESVRNGTYDYPQYSEEARLKREEISGVKLESIGIYQILSIYSTVASSLVLAIMMAGLSLWMCSNGSLQCRICI
A/duck/Tsukuba/394/2005,H5,MEKIVLLFAIVSLVKSDQICIGYHANNSTEQVDTIMEKNITVTHAQDILEKTHNGKLCSLNGVKPLILRDCSVAGWLLGNPMCDEFLNVPEWSYIVERDSPINGLCYPGDFNDYEELKHLLSSTNHFEKIQIIPKGSWSNHDASSGVSSACPYDGRSSFFRNVVWLIKKNNAYPTIKRSYNNTNQEDLLVLWGIHHPNDAAEQTKLYQNPTTYVSVGTSTLNQRSVPEIATRPKVNGQSGRMEFFWTILKPNDAINFESNGNFIAPEYAYKIVKKGDSTIMKSELEYGNCNTKCQTLMGAINSSMPFHNIHPLTIGECPKYVKSDRLVLATGLRNVPQRETRGLFGAIAGFIEGGWQGMVDGWYGYHHSNEQGSGYAADKESTQKAIDGITNKVNSIIDKMNTQFEAVGKEFNNLERRIENLNKKMEDGFLDVWTYNAELLVLMENERTLDFHDSNVKNLYDKVRLQLRDNAKELGNGCFEFYHKCDDECMESVRNGTYDYPQYSEEARLNREEISGIKLESIGTYQILSIYSTVASSLALAIMVAGLSFWMCSNGSLQCRICI
A/duck/Tsukuba/541/2006,H5,MEKIVLLFAIVSLVKSDQICIGYHANNSTEQVDTIMEKNVTVTHAQDILEKTHNGKLCSLNGVKPLILRDCSVAGWLLGNPMCDEFLNVPEWSYIVEKDSPINGLCYPGDFNDYEELKHLLSSTNHFEKIQIIPRSSWSNHDASSGVSSACPYNGRSSFFRNVVWLIKKNNAYPTIKRSYNNTNQEDLLVLWGIHHPNDAAEQTKLYQNPTTYVSVGTSTLNQRSVPEIATRPKVNGQSGRMEFFWTILKPNDAINFESNGNFIAPEYAYKIVKKGNSAIMKSGLEYGNCNTKCQTPMGAINSSMPFHNIHPLTIGECPKYVKSDRLVLATGLRNVPQRETRGLFGAIAGFIEGGWQGMVDGWYGYHHSNEQGSGYAADKESTQKAIDGITNKVNSIIDKMNTQFEAVGKEFNNLERRIENLNKKMEDGFLDVWTYNAELLVLMENERTLDFHDSNVKNLYDKVRLQLRDNAKELGNGCFEFYHKCDDECVESVRNGTYDYPQYSEEARLNREEISGVKLESIGTYQILSIYSTVASSLALAIMVAGLSFWMCSNGSLQCRICI
A/duck/Vietnam/NCVD-0145/2012,H5,MEKIVLLFATISLVKSDHICIGYHANNSTEQVDTIMEKNVTVTHAQDILEKTHNGKLCDLNGVKPLILKDCSVAGWLLGNPLCDEFTNVPEWSYIVEKANPANDLCYPGNFNDYEELKHLLSRINHFEKIQIIPKDSWSDHEASLGVSAACSYQGNSSFFRNVVWLIKKDNAYPTIKKGYNNTNREDLLILWGIHHPNDEAEQTRLYQNPTTYISIGTSTLNQRLVPKIATRSKINGQSGRIDFFWTILKPNDAIHFESNGNFIAPEYAYKIVKKGDSTIMRSEVEYGNCNTRCQTPIGAINSSMPFHNIHPLTIGECPKYVKSNKLVLATGLRNSPQRERRRKRGLFGAIAGFIEGGWQGMVDGWYGYHHSNEQGSGYAADKESTQKAIDGVTNKVNSIIDKMNTQFEAVGREFNNLERRIENLNKKMEDGFLDVWTYNAELLVLMENERTLDFHDSNVKNLYDKVRLQLKDNAKELGNGCFEFYHKCNNECMESVRNGTYDYPQYSEEARLKREEISGVKLESIGIYQILSIYSTVASSLVLAIMMAGLSLWMCSNGSLQCRICI
A/goose/Egypt/10209SF/2010,H5,MEKIVLLLAIVSLVKSDQICIGYHANNSTEQVDTIMEKNVTVTHAQDILEKTHNGKLCNLDGVKPLILRDCSVAGWLLGNPMCDEFLNVPEWSYIVEKINPANDLCYPGNFNDYEELKHLLSRINHFEKIQIIPKSSWSDHEASGVSSACPYQGRSSFFRNVVWLTKKDNAYPTIKRSYNNTNQEDLLVLWGIHHPNDAAEQTRLYQNPTTYISVGTSTLNQRLVPKIATRSKVNGQSGRMEFFWTILKSNDAINFESNGNFIAPENAYKIVKKGDSTIMKSELEYGNCNTKCQTPIGAINSSMPFHNIHPLTIGECPKYVKSNRLVLATGLRNSPQGERRRKKRGLFGAIAGFIEGGWQGMVDGWYGYHHSNEQGSGYAADKESTQKAIDGVTNKVNSIIDKMNTQFEAVGREFNNLERRIENLNKKMEDGFLDVWTYNAELLVLMENERTLDFHDSNVKNLYDKVRLQLRDNAKELGNGCFEFYHRCDNECMESVRNGTYDYPQYSEEARLKREEISGVKLESIGTYQILSIYSTVASSLALAIMVAGLFLWMCSNGSLQCRICI
A/goose/Fujian/bb/2003,H5,MEKIVLLLAIVSLVKSDQICIGYHANNSTVQVDTIMEKNVTVTHAQDILEKTHNGKLCDLDGVKPLILRDCSVAGWLLGNPMCDEFINVPEWSYIVEKASPANDICYPGDFNDYEELKHLLSRINHFEKIQIIPKSSWPNHEASLGVSSACPYQGKSSFFRNVVWLIKKNNAYPTIKKSYNNTNQEDLLVLWGIHHPNDAAEQIKLYQNPNTYISVGTSTLNQRLVPKIATRSKVNGQSGRMEFFWTILKPNDAINFESNGNFIAPEYAYKIVKKGDSAIMKSELEYGNCNTKCQTPMGAINSSMPFHNIHPITIGECPKYVKSNRLVLATGLRNAPQRERRRKKRGLFGAIAGFIEGGWQGMVDGWYGYHHSNEQGSGYAADKESTQKAIDGVTNKVNSIIDKMNTQFEAVGREFNNLERRIENLNKKMEDGFLDVWTYNAELLVLMENERTLDFHDSNVKNLYDKVRLQLRDNAKELGNGCFEFYHKCDDECMESVKNGTYDYPQYSEEARLNREEISGVKLESMGTYQILSIYSTVASSLALAIMVAGLSLWMCSNGSLQCRICI
A/goose/Guangdong/1/1996,H5,MEKIVLLLAIVSLVKSDQICIGYHANNSTEQVDTIMEKNVTVTHAQDILEKTHNGKLCDLNGVKPLILRDCSVAGWLLGNPMCDEFINVPEWSYIVEKASPANDLCYPGDFNDYEELKHLLSRTNHFEKIQIIPKSSWSNHDASSGVSSACPYHGRSSFFRNVVWLIKKNSAYPTIKRSYNNTNQEDLLVLWGIHHPNDAAEQTKLYQNPTTYISVGTSTLNQRLVPEIATRPKVNGQSGRMEFFWTILKPNDAINFESNGNFIAPEYAYKIVKKGDSAIMKSELEYGNCNTKCQTPMGAINSSMPFHNIHPLTIGECPKYVKSNRLVLATGLRNTPQRERRRKKRGLFGAIAGFIEGGWQGMVDGWYGYHHSNEQGSGYAADKESTQKAIDGVTNKVNSIIDKMNTQFEAVGREFNNLERRIENLNKQMEDGFLDVWTYNAELLVLMENERTLDFHDSNVKNLYDKVRLQLRDNAKELGNGCFEFYHKCDNECMESVKNGTYDYPQYSEEARLNREEISGVKLESMGTYQILSIYSTVASSLALAIMVAGLSLWMCSNGSLQCRICI
A/goose/Guangdong/72/2004,H5,MEKIVLLLAIVSLVKSDQICIGYHANNSTEQVDTIMEKNVTVTHAQDILEKTHNGKLCDLDGVKPLILRDCSVAGWLLGNPMCDEFINVPEWSYIVEKASPANDLCYPGDFNDYEELKHLLSRINHFEKIQIIPKSSWSNHEASSGVSSACPYLGKPSFFRNVVWLIKKNSAYPTIKRSYNNTNQEDLLVLWGIHHPNDAAEQTKLYQNPTTYISVGTSTLNQRLVPKIATRSKVNGQSGRMECFWTILKPNDAINFESNGNFIAPEYAYKIVKKGDSAIMKSELEYGNCNTKCQTPMGAINSSMPFHNIHPLTIGECPKYVKSNRLVLATGLRNSPQRERRRKKRGLFGAIAGFIEGGWQGMVDGWYGYHHSNEQGSGYAADKESTQKAIDGVTNKVNSIIDKMNTQFEAVGREFNNLERRIENLNKKMEDGFLDVWTYNAELLVLMENERTLDFHDSNVKNLYDKVRLQLRDNAKELGNGCFEFYHKCDNDCMESVRNGTYDYPQYSEEARLKREEISGVKLESIGTYQILSIYSTVASSLALAIMVAGLSLWMCSNGSLQCRICI
A/goose/Guiyang/337/2006,H5,MEKIVLLLAIISLVKSDQICIGYHANNSTVQVDTIMEKNVTVTHAQDILEKTHNGKLCSLDGVKPLILRDCSVAGWLLGNPMCDEFINVPEWSYIVEKASPANDLCYPGDFNDYEELKHLLSRINHFEKIQIIPKSSWPNHEASLGVSSACPYLGESSFFRNVVWLIKKNSSYPTIKRSYNNTNQEDLLVLWGIHHPNDAAEQIKLYQNPNTYISVGTSTLNQRLVPTIATRSKVNGQSGRMEFFWTILKPNDAINFESNGNFIAPEYAYKIVKKGDSAIMKSELEYGNCNTKCQTPMGAINSSMPFHNIHPLTIGECPKYVKSNRLVLATGLRNTLQRERRRKKRGLFGAIAGFIEGGWQGMVDGWYGYHHSNEQGSGYAADKESTQKAIDGITNKVNSIINKMNTQFEAVGREFSNLERRIENLNKKMEDGFLDVWTYNAELLVLMENERTLDFHDSNVKNLYDKVRLQLRDNAKELGNGCFEFYHKCDDECMESVKNGTYDYPQYSEEARLNREEINGVKLESMGTYQILSIYSTVASSLALAIMVAGLSLWMCSNGSLQCRICI
A/gyrfalcon/Washington/41088-6/2014,H5,MEKIVLLLAVISLVKSDQICIGYHANNSTKQVDTIMEKNVTVTHAQDILEKTHNGKLCDLNGVKPLILKDCSVAGWLLGNPMCDEFIRVPEWSYIVERANPANDLCYPGTLNDYEELKHLLSRINHFEKTLIIPRSSWPNHETSLGVSAACPYQGASSFFRNVVWLIKKNDAYPTIKISYNNTNREDLLILWGIHHSNNAAEQTNLYKNPDTYVSVGTSTLNQRLVPKIATRSQVNGQSGRMDFFWTILKPNDAIHFESNGNFIAPEYAYKIVKKGDSTIMKSEMEYGHCNTKCQTPIGAINSSMPFHNIHPLTIGECPKYVKSNKLVLATGLRNSPLRERRRKRGLFGAIAGFIEGGWQGMVDGWYGYHHSNEQGSGYAADKESTQKAIDGVTNKVNSIIDKMNTQFEAVGREFNNLERRIENLNKKMEDGFLDVWTYNAELLVLMENERTLDFHDSNVKNLYDKVRLQLRDNAKELGNGCFEFYHKCDNECMESVRNGTYDYPKYSEEAILKREEISGVKLESIGTYQILSIYSTVASSLALAIIVAGLSLWMCSNGSLQCRICI
A/mute swan/Ibaraki/236T/2016,H5,MEKIVLLLAVVSLVKSDQICIGYHANNSTEQVDTIMEKNVTVTHAQDILEKTHNGRLCDLNGVKPLILKDCSVAGWLLGNPMCDEFIRVPEWSYIVERTNPANDLCYPGNLNDYEELKHLLSRINHFEKTLIIPKSSWPNHETSGVSVACPYQGVPSFFRNVVWLTKKNDAYPTIKMSYNNTNGEDLLILWGIHHSNNAAEQTNLYKNPTTYVSVGTSTLNQRLVPKIATRSQVNGQQGRMDFFWTILKPNDAIHFESNGNFIAPEYAYKIVKKGDSTIMKSEMEYGHCNTKCQTPIGAINSSMPFHNIHPLTIGECPKYVKSNKLVLATGLRNSPLRERRRKRGLFGAIAGFIEGGWQGMVDGWYGYHHSNEQGSGYAADRESTQKAIDGVTNKVNSIIDKMNTQFEAVGREFNNLERRIENLNKKMEDGFLDVWTYNAELLVLMENERTLDFHDSNVKNLYDKVRLQLRDNAKELGNGCFEFYHKCDNECMESVRNGTYDYPQYSEEARLKREEISGVKLESIGTYQILSIYSTVASSLALAIIVAGLSLWMCSNGSLQCRICI
A/owl/Hokkaido/X6/2016,H5,MEKIVLLLAVVSLVKSDQICIGYHANNSTEQVDTIMEKNVTVTHAQDILEKTHNGRLCDLNGVKPLILKDCSVAGWLLGNPMCDEFIRVPEWSYIVERTNPANDLCYPGNLNDYEELKHLLSRINHFEKTLIIPKSSWPNHETSGVSAACPYQGVPSFFRNVVWLTKKNDAYPTIKMSYNNTNGEDLLILWGIHHSNNAAEQTNLYKNPTTYVSVGTSTLNQRLVPKIATRSQVNGQQGRMDFFWTILKPNDAIHFESNGNFIAPEYAYKIVKKGDSTIMKSEMEYGHCNTKCQTPIGAINSSMPFHNIHPLTIGECPKYVKSNKLVLATGLRNSPLRERRRKRGLFGAIAGFIEGGWQGMVDGWYGYHHSNEQGSGYAADRESTQKAIDGVTNKVNSIIDKMNTQFEAVGREFNNLERRIENLNKKMEDGFLDVWTYNAELLVLMENERTLDFHDSNVKNLYDKVRLQLRDNAKELGNGCFEFYHKCDNECMESVRNGTYDYPQYSEEARLKREEISGVKLESIGTYQILSIYSTVASSLALAIIVAGLSLWMCSNGSLQCRICI
A/spot-billed duck/Ningxia/YG83/2017,H5,MENIVLLLAIVSLVKSDQICIGYHANNSTEQVDTIMEKNVTVTHAQDILEKTHNGKLCDLNGVKPLILKDCSVAGWLLGNPMCDEFIRVPEWSYIVERANPANDLCYPGSLNDYEELKHLLSRINHFEKILIIPKSSWPNHETSLGVSTACPYQGTPSFFRNVVWLIKKNDAYPTIKISYNNTNREDLLILWGIHHSNNAEEQTNLYKNPTTYISVGTSTLNQRLVPKIATRSQVNGQRGRMDFFWTILKPNDAIHFESNGNFIAPEYAYKIVKKGDSTIMKSGVEYGHCNTKCQTPVGAINSSMPFHNIHPLTIGECPKYVKSNKLVLATGLRNSPLREKRRKRGLFGAIAGFIEGGWQGMVDGWYGYHHSNEQGSGYAADKESTQKAIDGVTNKVNSIIDKMNTQFEAVGREFNNLERRIENLNKKMEDGFLDVWTYNAELLVLMENERTLDFHDSNVKNLYDKVRLQLRDNAKELGNGCFEFYHKCDNECMESVRNGTYDYPQYSEEARLKREEISGVKLESIGTYQILSIYSTVASSLALAIMVAGLSLWMCSNGSLQCRICI
A/swine/Anhui/ca/2004,H5,MEKIVLLLAIVSLVKSDQICIGYHANNSTEQVDTIMEKNVTVTHAQDILEKTHNGKLCDLDGVKPLILRDCSVAGWLLGNPMCDEFINVPEWSYIVEKASPANDLCYPGDFNDYEELKHLLSRINHFEKIQIIPKSSWSNHEASSGVSAACPYQGSPSFFRNVVWLIKKNSAYPTIKRSYNNTNQEDLLVLWGIHHPNDAAEQTKLYQNPTTYISVGTSTLNQRLVPKIATRSKVNGQSGRMEFFWTILKPNDAINFESNGNFIAPEYAYKIVKKGDSAIMKSELEYGNCNTKCQTPMGAINSSMPFHNIHPLTIGECPKYVKSNRLVLATGLRNSPQRERRRKKRGLFGAIAGFIEGGWQGMVDGWYGYHHSNEQGSGYAADKESTQKAIDGVTNKVNSIIDKMNTQFEAVGREFNNLERRIENLNKKMEDGFLDVWTYNAELLVLMENERTLDFHDSNVKNLYDKVRLQLRDNAKELGNGCFEFYHKCDNECMESVRNGTYDYPQYSEEARLNREEISGVKLESIGTYQILSIYSTVASSLALAIMVSGLSLWMCSNGSLQCRICI
A/turkey/Turkey/1/2005,H5,MEKIVLLLAIVSLVKSDQICIGYHANNSTEQVDTIMEKNVTVTHAQDILEKTHNGKLCDLDGVKPLILRDCSVAGWLLGNPMCDEFLNVPEWSYIVEKINPANDLCYPGNFNDYEELKHLLSRINHFEKIQIIPKSSWSDHEASAGVSSACPYQGRSSFFRNVVWLIKKDNAYPTIKRSYNNTNQEDLLVLWGIHHPNDAAEQTRLYQNPTTYISVGTSTLNQRLVPKIATRSKVNGQSGRMEFFWTILKPNDAINFESNGNFIAPENAYKIVKKGDSTIMKSELEYGNCNTKCQTPIGAINSSMPFHNIHPLTIGECPKYVKSSRLVLATGLRNSPQGERRRKKRGLFGAIAGFIEGGWQGMVDGWYGYHHSNEQGSGYAADKESTQKAIDGVTNKVNSIIDKMNTQFEAVGREFNNLERRIENLNKKMEDGFLDVWTYNAELLVLMENERTLDFHDSNVKNLYDKVRLQLRDNAKELGNGCFEFYHRCDNECMESVRNGTYDYPQYSEEARLKREEISGVKLESIGTYQILSIYSTVASSLALAIMVAGLSLWMCSNGSLQCRICI
A/whooper swan/Mongolia/244/2005,H5,MEKIVLLLAIVSLVKSDQICIGYHANNSTEQVDTIMEKNVTVTHAQDILEKTHNGKLCDLDGVKPLILRDCSVAGWLLGNPMCDEFLNVPEWSYIVEKINPANDLCYPGNFNDYEELKHLLSRINHFEKIQIIPKSSWSDHEASSGVSSACPYQGRSSFFRNVVWLIKKDNAYPTIKRSYNNTNQEDLLVLWGIHHPNDAAEQTRLYQNPTTYISVGTSTLNQRLVPKIATRSKVNGQSGRMEFFWTILKPNDAINFESNGNFIAPENAYKIVKKGDSTIMKSELEYGNCNTKCQTPIGAINSSMPFHNIHPLTIGECPKYVKSNRLVLATGLRNSPQGERRRRKRGLFGAIAGFIEGGWQGMVDGWYGYHHSNEQGSGYAADKESTQKAIDGVTNKVNSIIDKMNTQFEAVGREFNNLERRIENLNKKMEDGFLDVWTYNAELLVLMENERTLDFHDSNVKNLYDKVRLQLRDNAKELGNGCFEFYHRCDNECMESVRNGTYDYPQYSEEARLKREEISGVKLESIGTYQILSIYSTVASSLALAIMVAGLSLWMCSNGSLQCRICI
A/Albany/1/1959,H2,MAIIYLILLFTAVRGDQICIGYHANNSTEKVDTILERNVTVTHAKDILEKTHNGKLCKLNGIPPLELGDCSIAGWLLGNPECDRLLRVPEWSYIMEKENPRDGLCYPGSFNDYEELKHLLSSVKHFEKVKILPKDRWTQHTTTGGSRACAVSGNPSFFRNMIWLTKKGSNYPVAKGSYNNTSGEQMLIIWGVHHPNDETEQRTLYQNVGTYVSVVTSTLNKRSTPKIATRPKVNGLGGRMEFSWTLLDMWDTINFESTGNLIAPEYGFKISKRGSSGIMKTEGTLENCETKCQTPLGAINTTLPFHNVHPLTIGECPKYVKSEKLVLATGLRNVPQIESRGLFGAIAGFIEGGWQGMVDGWYGYHHSNDQGSGYAADKESTQRAFDGITNKVNSVIEKMNTQFEAVGKEFSNLERRLENLNKKMEDGLLDVWTYNAELLVLMENERILDFHDSNVKNLYDKVRMQLRDNVKELGNGCFEFYHKCDDECMNSVKNGTYDYPKYEEESKLNRNEIKGVKLSSMGVYQILAIYATVAGSLSLAIMMAGISFWMCSNGSLQCRICI
A/Albany/5/1958,H2,MAIIYLILLFTAVRGDQICIGYHANNSTEKVDTILERNVTVTHAKDILEKTHNGKLCKLNGIPPLELGDCSIAGWLLGNPECDRLLSVPEWSYIMEKENPRDGLCYPGSFNDYEELKHFLSSVKHFEKVKILPKDRWTQHTTTGGSRACAVSGNPSFFRNMVWLTKKGSNYPVAKGSYNNTSGEQMLIIWGVHHPNDETEQRTLYQNVGTYVSVGTSTLNKRSTPDIATRPKVNGLGGRMEFSWTLLDMWDTINFESTGNLIAPEYGFKISKRGSSGIMKTEGTLGNCETKCQTPLGAINTTLPFHNVHPLTIGECPKYVKSEKLVLATGLRNVPQIESRGLFGAIAGFIEGGWQGMVDGWYGYHHSNDQGSGYAADKESTQKAFDGITNKVNSVIEKMNTQFEAVGKEFSNLERRLENLNKKMEDGFLDVWTYNAELLVLMENERTLDFHDSNVKNLYDKVRMQLRDNAKELGNGCFEFYHKCDDECMNSVKNGTYYYPKYEEESKLNRNEIKGVKLSSMGVYQILAIYATVAGSLSLAIMMAGISFWMCSNGSLQCRICI
A/England/980/2009,H1,MKAILVVLLYTFATANADTLCIGYHANNSTDTVDTVLEKNVTVTHSVNLLEDKHNGKLCKLRGVAPLHLGKCNIAGWILGNPECESLSTASSWSYIVETSSSDNGTCYPGDFIDYEELREQLSSVSSFERFEIFPKTSSWPNHDSNKGVTAACPHAGAKSFYKNLIWLVKKGNSYPKLSKSYINDKGKEVLVLWGIHHPSTSADQQSLYQNADAYVFVGTSRYSKKFKPEIAIRPKVRDQEGRMNYYWTLVEPGDKITFEATGNLVVPRYAFAMERNAGSGIIISDTPVHDCNTTCQTPKGAINTSLPFQNIHPITIGKCPKYVKSTKLRLATGLRNVPSIQSRGLFGAIAGFIEGGWTGMVDGWYGYHHQNEQGSGYAADLKSTQNAIDEITNKVNSVIEKMNTQFTAVGKEFNHLEKRIENLNKKVDDGFLDIWTYNAELLVLLENERTLDYHDSNVKNLYEKVRSQLKNNAKEIGNGCFEFYHKCDNTCMESVKNGTYDYPKYSEEAKLNREEIDGVKLESTRIYQILAIYSTVASSLVLVVSLGAISFWMCSNGSLQCRICI
A/Hong Kong/1-4-MA21-1/1968,H3,MKTIIALSYIFCLALGQDLPGNDNRTATLCLGHHAVPNGTLVKTITDDQIEVTNATELVQSSSTGKICNNPHRILDGIDCTLIDALLGDPHCDVFQNETWDLFVERSKAFSNCYPYDVPDYASLRSLVASSGTLEFITEGFTWTGVTQNGGSNACKRGPGSGFFSRLNWLTKSGSTYPVLNVTMPNNDNFDKLYIWGVHHPSTNQEQTSLYVQASGRVTVSTRRSQQTIIPNIGSRPWVRGLSSRISIYWTIVKPGDVLVINSNGNLIAPRGYFKMRTGKSSIMRSDAPIDTCISECITPNGSIPNDKPFQNVNKITYGACPKYVKQNTLKLATGMRNVPEKQTRGLFGAIAGFIENGWEGMIDGWYGFRHQNSEGTGQAADLKSTQATIDQINGKLNRVIEKTNEKFHQIEKEFSEVEGRIQDLEKYVEDTKIDLWSYNAELLVALENQHTIDLTDSEMNKLFEKTRRQLRENAEDMGNGCFKIYHKCDNACIESIRNGTYDHDVYRDEALNNRFQIKGVELKSGYKDWILWISFAISCFLLCVVLLGFIMWACQRGNIRCNICI
A/Hong Kong/EPI1231/2025,H3,MKAIIALSNILCLVFAQKIPGNDNSTATLCLGHHAVPNGTIVKTITNDRIEVTNATELVQNSSIGKICNSPHQILDGGNCKLIDALLGDPQCDGFQNKEWDLFVERSRANSSCYPYDVPDYASLRSLVASSGTLEFKDENFNWTGVKQNGTSSACKRGSSSSFFSRLNWLTSLNNIYPAQNVTMPNKEQFDKLYIWGVHHPDTDKNQFSLFAQSSGRITVSTKRSQQAVIPNIGSRPRVRDIPSRISIYWTIVKPGDILLINSTGNLIAPRGYFKIRSGKSSIMRSDAPIGECKSECITPNGSIPNDKPFQNVNRITYGACPRYVKQSTLKLATGMRNVPEKQTRGIFGAIAGFIENGWEGMMDGWYGFRHQNSEGRGQAADLKSTQAAIDQISGKLNRLIGKTNEKFHQIEKEFSEVEGRVQDLEKYVEDTKIDLWSYNAELLVALENQHTIDLTDSEMNKLFEKTKKQLRENAEDMGNGCFKIYHKCDNACIGSIRNETYDHNVYRDEALNNRFQIKGVELKSGYKDWILWISFAMSCFLLCIALLGFIMWACQKGNIRCNICI
A/Japan/305/1957,H2,MAIIYLILLFTAVRGDQICIGYHANNSTEKVDTILERNVTVTHAKDILEKTHNGKLCKLNGIPPLELGDCSIAGWLLGNPECDRLLSVPEWSYIMEKENPRDGLCYPGSFNDYEELKHLLSSVKHFEKVKILPKDRWTQHTTTGGSRACAVSGNPSFFRNMVWLTKKGSNYPVAKGSYNNTSGEQMLIIWGVHHPNDETEQRTLYQNVGTYVSVGTSTLNKRSTPEIATRPKVNGLGGRMEFSWTLLDMWDTINFESTGNLIAPEYGFKISKRGSSGIMKTEGTLENCETKCQTPLGAINTTLPFHNVHPLTIGECPKYVKSEKLVLATGLRNVPQIESRGLFGAIAGFIEGGWQGMVDGWYGYHHSNDQGSGYAADKESTQKAFDGITNKVNSVIEKMNTQFEAVGKEFSNLERRLENLNKKMEDGFLDVWTYNAELLVLMENERTLDFHDSNVKNLYDKVRMQLRDNVKELGNGCFEFYHKCDDECMNSVKNGTYDYPKYEEESKLNRNEIKGVKLSSMGVYQILAIYATVAGSLSLAIMMAGISFWMCSNGSLQCRICI
A/Netherlands/209/1980,H3,MKTIIALSYIFCLVFAQNLPGNDNSTATLCLGHHAVPNGTLVKTITNDQIEVTNATELVQSSSTGRICDSPHRILDGKNCTLVDALLGDPHCDGFQNEKWDLFVERSKAFSNCYPYDVPDYASLRSLVASSGTLEFINESFNWTGVTQSGGSYACKRGSDNSFFSRLNWLYESESKYPVLNVTMPNNGNFDKLYIWGVHHPSTDKEQTNLYVRASGRVTVSTKRSQQTIIPNIGSRPWVRGLSSRISIYWTIVKPGDILLINSNGNLIAPRGYFKIRTGKSSIMRSDAPIGTCSSECITPNGSIPNDKPFQNVNKITYGACPKYVKQNTLKLATGMRNVPEKQTRGIFGAIAGFIENGWEGMVDGWYGFRHQNSEGTGQAADLKSTQAAIDQINGKLNRVIEKTNEKFHQIEKEFSEVEGRIQDLEKYVEDTKIDLWSYNAELLVALENQHTIDLTDSEMNKLFEKTRRQLRENAEDMGNGCFKIYHKCDNACIGSIRNGTYDHDVYRDEALNNRFQIKGVELKSGYKDWILWISFAISCFLLCVVLLGFIMWACQKGNIRCNICI
A/New York City/2/1918,H1,MEARLLVLLCAFAATNADTICIGYHANNSTDTVDTVLEKNVTVTHSVNLLEDSHNGKLCKLKGIAPLQLGKCNIAGWLLGNPECDLLLTASSWSYIVETSNSENGTCYPGDFIDYEELREQLSSVSSFEKFEIFPKTSSWPNHETTKGVTAACSYAGASSFYRNLLWLTKKGSSYPKLSKSYVNNKGKEVLVLWGVHHPPTGTDQQSLYQNADAYVSVGSSKYNRRFTPEIAARPKVRNQAGRMNYYWTLLEPGDTITFEATGNLIAPWYAFALNRGSGSGIITSDAPVHDCNTKCQTPHGAINSSLPFQNIHPVTIGECPKYVRSTKLRMATGLRNIPSIQSRGLFGAIAGFIEGGWTGMIDGWYGYHHQNEQGSGYAADQKSTQNAIDGITNKVNSVIEKMNTQFTAVGKEFNNLERRIENLNKKVDDGFLDIWTYNAELLVLLENERTLDFHDSNVRNLYEKVKSQLKNNAKEIGNGCFEFYHKCDDACMESVRNGTYDYPKYSEESKLNREEIDGVKLESMGVYQILAIYSTVASSLVLLVSLGAISFWMCSNGSLQCRICI
A/New York/230/2003,H1,MKVKLLVLLCTFTATYADTICIGYHANNSTDTVDTVLEKNVTVTHSVNLLEDSHNGKLCLLKGIAPLQLGNCSVAGWILGNPECELLISKESWSYIVETPNPENGTCYPGYFADYEELREQLSSVSSFERFEIFPKESSWPNHTVTGVSASCSHNGKSSFYKNLLWLTGKNGLYPNLSKSYANNKEKEVLVLWGVHHPPNIGDQRALYHTENAYVSVVSSHYSRRFTPEIAKRPKVRDQEGRINYYWTLLEPGDTIIFEANGNLIAPRYAFALSRGFGSGIITSNAPMDECDAKCQTPQGAINSSLPFQNVHPVTIGECPKYVRSAKLRMVTGLRNIPSIQSRGLFGAIAGFIEGGWTGMVDGWYGYHHQNEQGSGYAADQKSTQNAINGITNKVNSVIEKMNTQFTAVGKEFNKLERRMENLNKKVDDGFLDIWTYNAELLVLLENERTLDFHDSNVKNLYEKVKSQLKNNAKEIGNGCFEFYHKCNDECMESVKNGTYDYPKYSEESKLNREKIDGVKLESMGVYQILAIYSTVASSLVLLVSLGAISFWMCSNGSLQCRICI
A/New York/762/1993,H3,MKTIIALSYILCLVFAQKLPGNDNSTATLCLGHHAVPNGTLVKTITNDQIEVTNATELVQSSSTGRICDSPHRILDGKNCTLIDALLGDPHCDGFQNKEWDLFVERSKAYSNCYPYDVPDYASLRSLVASSGTLEFINEDFNWTGVAQDGKSYACKRGSVNSFFSRLNWLHKLEYKYPALNVTMPNNGKFDKLYIWGVHHPSTDSDQTSLYVRASGRVTVSTKRSQQTVIPNIGSRPWVRGLSSRISIYWTIVKPGDILLINSTGNLIAPRGYFKIRNGKSSIMRSDAPIGNCSSECITPNGSIPNDKPFQNVNRITYGACPRYVKQNTLKLATGMRNVPEKQTRGIFGAIAGFIENGWEGMVDGWYGFRHQNSEGTGQAADLKSTQAAIDQINGKLNRLIEKTNEKFHQIEKEFSEVEGRIQDLEKYVEDTKIDLWSYNAELLVALENQHTIDLTDSEMNKLFERTRKQLRENAEDMGNGCFKIYHKCDNACIGSIRNGTYDHDVYRDEALNNRFQIKGVELKSGYKDWILWISFAISCFLLCVVLLGFIMWACQKGNIRCNICI
A/Siena/10/1989,H1,MKAKLLVLLCAFTATDADTICIGYHANNSTDTVDTVLEKNVTVTHSVNLLEDSHNGKLCRLKGIAPLQLGNCSIAGWILGNPECESLFSKESWSYIAETPNSENGTCYPGYFADYEELREQLSSVSSFERFEIFPKESSWPNHTVTKGVTAACSHNGKSSFYRNLLWLTEKNGLYPNLSKSYVNNKEKEVLVLWGVHHPSNIGDQRAIYHTENAYVSVVSSHYSRRFTPEIAKRPKVRGQEGRINYYWTLLEPGDTIIFEANGNLIAPWYAFALSRGFGSGIITSNASMDECDAKCQTPQGAINSSLPFQNVHPVTIGECPKYVRSTKLRMVTGLRNIPSVQSRGLFGAIAGFIEGGWTGMIDGWYGYHHQNEQGSGYAADQKSTQNAINGITNKVNSVIEKMNTQFTAVGKEFNKLERRMENLNKKVDDGFLDIWTYNAELLVLLENERTLDFHDSNVKNLYEKVKSQLKNNAKEIGNGCFEFYHKCNNECMESVKNGTYDYPKYSEESKLNREKIDGVKLESMGVYQILAIYSTVASSLVLLVSLGAISFWMCSNGSLQCRICI
A/WSN/1933,H1,MFIPLIFLPQLLGNVLVCVLAHHFGKEFATMKAKLLVLLYAFVATDADTICIGYHANNSTDTVDTILEKNVAVTHSVNLLEDSHNGKLCKLKGIAPLQLGKCNITGWLLGNPECDSLLPARSWSYIVETPNSENGACYPGDLIDYEELREQLSSVSSLERFEIFPKESSWPNHTFNGVTVSCSHRGKSSFYRNLLWLTKKGDSYPKLTNSYVNNKGKEVLVLWGVHHPSSSDEQQSLYSNGNAYVSVASSNYNRRFTPEIAARPKVRDQHGRMNYYWTLLEPGDTIIFEATGNLIAPWYAFALSRGFESGIITSNASMHECNTKCQTPQGAINSNLPFQNIHPVTIGECPKYVRSTKLRMVTGLRNIPSIQYRGLFGAIAGFIEGGWTGMIDGWYGYHHQNEQGSGYAADQKSTQNAINGITNKVNSVIEKMNTQFTAVGKEFNNLEKRMENLNKKVDDGFLDIWTYNAELLVLLENERTLDFHDLNVKNLYEKVKSQLKNNAKEIGNGCFEFYHKCDNECMESVRNGTYDYPKYSEESKLNREKIDGVKLESMGVYQILAIYSTVASSLVLLVSLGAISFWMCSNGSLQCRICI
A/blue-winged teal/Alberta/221/1978,H3,MKTIIVLSYLFCLALSQNYSESNNSTATLCLGHHAVPNGTIVKTITDDQIEVTNATELVQSSSTGKICNNPHRILDGRDCTLIDALLGDPHCDVFQDETWDLYVERSSAFSNCYPYDVPDYASLRSLVASSGTLEFITEGFTWTGVTQNGGSNACKRGPASGFFSRLNWLTKSGSAYPVLNVTKPNNDNFDKLYVWGVHHPSTNQEQTNLYVQASGRVTVSTRRSQQTIIPNIGSRPWVRGQSGRISIYWTIVKPGDVLVINSNGNLIAPRGYFKMRTGKSSIMRSDAPIDTCISECITPNGSIPNDKPFQNVNKITYGACPKYVKQSTLKLATGMRNVPEKQTRGLFGAIAGFIENGWEGMIDGWYGFRHQNSEGTGQAADLKSTQAAIDQINGKLNRVIEKTNEKFHQIEKEFSEVEGRIQDLEKYVEDTKIDLWSYNAELLVALENQHTIDLTDSEMNKLFEKTRRQLRENAEDMGNGCFKIYHKCDNACIESIRNGTYDHDIYRDEALNNRFQIKGVELKSGYKDWILWISFAISCFLLCVVLLGFIMWACQRGNIRCNICI
A/duck/Buryatia/664-5465/1988,H3,MKTIIALSYIFCLAFGQGLPGNDNSTATLCLGHHAVPNGTLVKTITDDQIEVTNATELVQSSSTGKICNNPHRILDGRDCTLIDALLGDPHCDVFQDETWDLFVERSSAFSNCYPYDVPDYASLRSLVASSGTLEFITEGFTWTGVTQNGGSNACKRGPASGFFSRLNWLTKSGSTYPVLNVTMPNNDNFDKLYIWGVHHPSTNQEQTNLYVQASGSVTVSTRRSQQTIIPNIGSRPWVRGQSGRISIYWTVVKPGDVLVINSNGNLIAPRGYFKMRTGKSSIMRSDAPIDTCISECITPNGSIPNDKPFQNVNKITYGACPKYVKQNTLKLATGMRNVPEKQTRGLFGAIAGFIENGWEGMIDGWYGFRHQNSEGTGQAADLKSTQAAIDQINGKLNRVIEKTNEKFHQIEKEFSEVEGRIQDLEKYVEDTKIDLWSYNAELLVALENQHTIDLTDSEMNKLFEKTKRQLRENAEDMGNGCFKIYHKCDNACIESIRNGTYDHDVYRDEALNNRFQIKGVELKSGYKDWILWISFAISCFLLCVVLLGFIMWACQRGNIRCNICI
A/herring gull/DE/698/1988,H2,MAIIYLILLFTAVRGDQICIGYHSNNSTEKVDTILERNVTVTHAQDILEKTHNGKLCKLNGIPPLELRDCSIAGWLLGNPECDILLTVPEWSYIIEKENPRNGLCYPGSFNDYEELKHLISSVTHFEKVKILPRNEWTQHTTTGGSQACAAYGGPSFFRNMVWLTKKGSNYPIAKRSYNNTSGEQMLIIWGIHHPNDESEQRALYQNVGTYVSVGTSTLNKRSIPEIATRPKVNGQGGRMEFSWTILDIWDTINFESTGNLIAPEYGFKISKRGSSGIMKTEGKLENCETKCQTPLGAINTTLPFHNIHPLTIGECPKYVKSERLVLATGLRNVPQIESRGLFGAIAGFIEGGWQGMVDGWYGYHHSNDQGSGYAADKESTQKAIDGITNKVNSVIEKINTQFEAVGKEFSNLERRLENLNKKMEDGFLDVWTYNAELLVLMENERTLDFHDSNVKNLYDKVRMQLRDNAKELGNGCFEFYHKCDDECMNSVKNGTYDYSKYEEESKLNRTEIKGVKLSNMGVYQILAIYATVAGSLSLAIMIAGISIWMCSNGSLQCRICI
A/mallard duck/Alberta/282/1977,H1,MEAKLFVLFCTFTVLKADTICVGYHANNSTDTVDTVLEKNVTVTHSVNLLEDSHNGKLCSLNGIAPLQLGKCNVAGWLLGNPECDLLLTANSWSYIIETSNSENGTCYPGEFIDYEELREQLSSVSSFEKFEIFPKASSWPNHETTKGVTAACPYSGASSFYRNLLWIIKKGTSYPKLSKSYTNNKGKEVLVLWGVHHPPTVDEQQSLYQNADAYVSVGSSKYNRRFTPEIAARPMVRGQAGRMNYYWTLLDQGDTITFEATGNLIAPWYAFALNKGSDSGIITSDAPVHNCDTRCQTPHGALNSSLPFQNVHPITIGECPKYVKSTKLRMATGLRNVPSIQSRGLFGAIAGFIEGGWTGMIDGWYGYHHQNEQGSGYAADQKSTQNAIDGITNKVNSVIEKMNTQFTAVGKEFNNLERRIENLNKKVDDGFLDVWTYNAELLVLLENERTLDFHDSNVRNLYEKVKSQLRNNAKELGNGCFEFYHKCDDECMESVKNGTYDYPKYSEESKLNREEIDGVKLESMGVYQILAIYSTVASSLVLLVSLGAISFWMCSNGSLQCRICI
A/mallard/Alberta/33/2001,H2,MTITFLILLFTVVKGDQICIGYHANNSTEKVDTILERNVTVTHAKDILEKTHNGKLCKLSGIPPLELGDCSIAGWLLGNPECDRLLSVPEWSYIVEKENPANGLCYPGSFNDYEELKHLLTSVTHFEKVRIMPRDQWTQHTTTGGSRACAVSGNPSFFRNMVWLTKKGSNYPTAKRSYNNTSGEQMLVIWGVHHPNDDTEQRTLYQNVGTYVSVGTSTLNKRSTPEIATRPKVNGQGGRMEFSWTLLEPWDVINFESTGNLIAPEYGFKISKRGSSGIMKTEKTLENCETKCQTPLGAINTTLPFHNIHPLTIGECPKYVKSDRLVLATGLRNVPQIESRGLFGAIAGFIEGGWQGMVDGWYGYHHSNDQGSGYAADKESTQKAIDGITNKVNSVIEKMNTQFEAAGKEFNNLERRLENLNKKMEDGFLDVWTYNAELLVLMENERTLDFHDSNVKNLYDKVRMQLRDNAKEIGNGCFEFYHKCDDECMDSVRNGTYDYPKYEEESKLNRNEIKGVKLSNMGVYQILAIYATVAGSLSLAIMIAGISFWMCSNGSLQCRICI
A/mallard/Alberta/77/1977,H2,MTITFLILLFTVVKGDQICIGYHANNSTEKVDTILERNITVTHAKDILEKTHNGKLCRLSGIPPLELGDCSIAGWLLGNPECDRLLSVPEWSYIVEKENPTNGLCYPGNFNDYEELKHLLTSVTHFEKIKILPRDQWTQHTTTGGSRACAVSGNPSFFRNMVWLTKKGSNYPVAKRSYNNTSGEQMLIIWGIHHPNDDTEQRTLYQNVGTYVSVGTSTVNKRSIPEIATRPKVNGQGGRMEFSWTLLETWDVINFESTGNLIAPEYGFKISKRGSSGIMKTEKTLENCETKCQTPLGAINTTLPFHNIHPLTIGECPKYVKSDRLVLATGLRNVPQIESKGLFGAIAGFIEGGWQGMIDGWYGYHHSNDQGSGYAADKESTQKAIDGITNKVNSVIEKMNTQFEAVGKEFNNLERRLENLNKKMEDGFLDVWTYNAELLVLMENERTLDFHDSNVKNLYDKVRMQLRDNAKEIGNGCFEFYHKCDDECMNSIRNGTYDYPKYEEESKLNRNEIKGVKLSNMGVYQILAIYATVAGSLSLAIMIAGISFWMCSNGSLQCRICI
A/swine/Guangdong/01/2008,H1,MKAILVFLLYTFATANADTLCIGYHANNSTDTVDTVLEKNVTVTHSVNLLEDRHNGKLCKLRGVAPLHLGKCNIAGWLLGNPECELLFTASSWSYIVETSNSDNGTCYPGDFINYEELREQLSSVSSFERFEMFPKSSSWPNHETNRGVTAACPYAGANSFYRNLIWLVKKEDSYPKLSKSYINNKEKEVLVLWGIHHPPTSADQQSLYQNADAYVFVGSSKYNKKFRPEIAARPKVRGQTGRMNYYWTLVEPGDTITFEATGNLVVPRYAFAMKRGSGSGIIISDTPVHDCNTTCQTPKGAINTSLPFQNIHPVTIGECPKYVKSTNLRMATGLRNIPSIQSRGLFGAIAGFIEGGWTGMIDGWYGYHHQNEQGSGYAADRKSTQNAIDGITNKVNSVIEKMNTQFTAVGKEFNHLEKRIENLNKKVDDGLLDVWTYNAELLVLLENERTLDYHDSNVKNLYEKVRSQLKNNAKEIGNGCFEFYHKCDDTCMESVRNGTYDYPKYSEEAKLNREEIDGVKLESTRIYQILAIYSTVASSLVLLVSLGAISFWMCSNGSLQCRICI
A/swine/Iowa/15/1930,H1,MKAILLVLLCAFAATNADTLCIGYHANNSTDTVDTVLEKNVTVTHSVNLLEDSHNGKLCRLGGIAPLQLGKCNIAGWLLGNPECDLLLTVSSWSYIVETSNSDNGTCYPGDFIDYEELREQLSSVSSFEKFEIFPKTSSWPNHETTRGVTAACPYAGASSFYRNLLWLVKKENSYPKLSKSYVNNKGKEVLVLWGVHHPPTSTDQQSLYQNADAYVSVGSSKYDRRFTPEIAARPKVRGQAGRMNYYWTLLEPGDTITFEATGNLVAPRYAFALNRGSESGIITSDAPVHDCDTKCQTPHGAINSSLPFQNIHPVTIGECPKYVKSTKLRMVTGLRNIPSIQSRGLFGAIAGFIEGGWTGLIDGWYGYHHQNGQGSGYAADQKSTQNAIDGITNKVNSVIEKMNTQFTVVGKEFNNLERRIKNLNKKVDDGFLDVWTYNAELLVLLENERTLDFHDSNVKNLYEKARSQLRNNAKEIGNGCFEFYHKCDDACMESVRNGTYDYPKYSEESKLNREEIDGVKLESMMVYQILAIYSTVASSLVLLVSLGAISFWMCSNGSLQCRICI
A/swine/North Carolina/00396/2004,H1,MKAILVVLLYTFTTAKADTLCIGYHANNSTDTVDTVLEKNVTVTHSVNLLENRHNGKLCKLRGVAPLHLGKCNIAGWLLGNPECESLSTASSWSYIVETSNSDNGTCYPGDFINYEELREQLSSVSSFERFEIFPKTSSWPNHDTNRGVTAACPHAGANSFYRNLIWLVKKGNSYPKISKSYINNKEKEVLVLWGIHHPSTSADQQSLYQNADAYVFVGSSRYSRKFKPEIATRPKVRDQAGRMNYYWTLVEPGDKITFEATGNLVVPRYAFALKRNSGSGIIISDTSVHDCNTTCQTPKGAINTSLPFQNIHPVTIGECPKYVKSTKLRMATGLRNIPSIQSRGLFGAIAGFIEGGWTGMIDGWYGYHHQNEQGSGYAADLKSTQNAIDGITNKVNSVIEKMNTQFTAVGKEFSHLEKRIENLNKKVDDGFLDIWTYNAELLVLLENERTLDYHDSNVKNLYEKVRNQLKNNAKEIGNGCFEFYHKCDDTCMESVKNGTYDYPKYSEEAKLNREEIDGVKLESTRIYQILAIYSTVASSLVLVVSLGAISFWMCSNGSLQCRICI
A/wild duck/SH17-34/2008,H2,MAIIYLVLLFTVVRGDQICIGYHSNNSTKKVDTILERNVTVTHAQDILEKTHNGKLCKLNGIPPLELGDCSIAGWLLGNPECDRLLTVPEWSYIMERENPRNGLCYPGSFNDYEELKHLLSSVTHFEKVKILPRDRWTQHTTTGGSRACAVFGNPSFFRNMVWLTKKGSNYPVAKGSYNNTSGEQMLVIWGVHHPNDEAEQRTLYQNVGTYVSVGTSILNKRSVPEIATRPKVNGQGGRMEFSWTILDMLDTINFESTGNLVAPEYGFKISKRGSSGIMKTEGTLENCETKCQTPLGAINTTLPFHNIHPLTIGECPKYVKSERLVLATGLRNVPQIESRGLFGAIAGFIEGGWQGMVDGWYGYHHSNDQGSGYAADKESTQKAIDGITNKVNSVIEKMNTQFEAVGKEFSNLEKRLENLNKKMEDGFLDVWTYNAELLVLMENERTLDFHDSNVKNLYDKVRMQLRDNAKELGNGCFEFYHKCDDECMNSVKNGTYDYPKYEEESKLNRNEIKGVKLNNMGVYQILAIYATVAGSLSLAIMIAGISLWMCSNGSLQCRICI
A/yellow-billed pintail/Argentina/CIP112-3626/2019,H3,MKTITALVLLAHWAYSQNPINGNDTATLCLGHHAVANGTLVKTITDDQIEVTNATELVQSISTGKICNNPHRVLDGRDCTLIDAMLGDPHCDVFQDENWDLFIERSNAFSNCYPYDVPDYASLRSLVASSGTLEFITEGFTWTGVTQNGGSSACKRGPANGFFSRLNWLTKSGSAYPTLNVTMPNNDNFDKLYIWGVHHPSTNDEQTNLYVQASGRVTVSTRRTQQTIIPNIGSRPWVRGQSGRISIYWTIVKPGDVIVINSNGNLIAPRGYFKMRTGKSSVMRSDAPIDTCVSECITPNGSIPNNKPFQNVNKITYGNCPKYVKQNTLKLATGMRNVPEKQTRGLFGAIAGFIENGWQGMVDGWYGFRHQNSEGTGQAADLKSTQAAIDQINGKLNRVIEKTNEKFHQIEKEFSEVEGRIQDLEKYVEDTKIDLWSYNAELLVALENQHTIDLTDAEMNKLFEKTRRQLRENAEDMGNGCFKIYHKCDNACIESIRNGTYDHDIYRDEALNNRFQIKGVELKSGYKDWILWISFAISCFLLCVVLLGFIMWACQRGNIRCNICI
A/quail/Hong Kong/G1/97,H9,METISLMTILLITTASNADKICIGHQSTNSTETVDTLTETNVPVTHAKELLQTEHNGMLCATNLGHPLILDTCTIEGLIYGNPSCDLLLEGREWSYIVERPSAVNGTCYPGNVENLEELRTLFSSASSYQRIQIFPDTTWNVTYTGTSRSCSGSFYRSMRWLTQKSGFYPVQDAKYTNNRGKNILFVWGIHHPHTYTDQTTLYIRNDTTTSVTTEELNRIFKPVIVPRLLVNGQQGRIDYYWSVLKPGQTLRVRSNGNLIAPWYGHVLSGGSHGRILKTDLKSGNCVVQCQTEKGGLNSTLPFHNISKYAFGTCPKYVKVNSLKLAIGLRNVPARSNRGLFGAIAGFIEGGWPGLVAGWYGFQHSNDQGVGMAADRDSTQKAVDKITSKVNNIVDKMNKQYEIIDHEFSEVETRLNMINNKIDDQIQDVWAYNAELLVLLENQKTLDEHDANVNNLYNKVKRALGSNAMEDGKGCFELYHKCDDQCMETIRNGTYDRRKYREESRLERQRIEGVKLESEGTYKILTIYSTVASSLVIAMGFAAFLFWAMSNGSCRCNICI*
A/Anhui/1/2013,H7,MNTQILVFALIAIIPTNADKICLGHHAVSNGTKVNTLTERGVEVVNATETVERTNIPRICSKGKRTVDLGQCGLLGTITGPPQCDQFLEFSADLIIERREGSDVCYPGKFVNEEALRQILRESGGIDKEAMGFTYSGIRTNGATSACRRSGSSFYAEMKWLLSNTDNAAFPQMTKSYKNTRKSPALIVWGIHHSVSTAEQTKLYGSGNKLVTVGSSNYQQSFVPSPGARPQVNGLSGRIDFHWLMLNPNDTVTFSFNGAFIAPDRASFLRGKSMGIQSGVQVDANCEGDCYHSGGTIISNLPFQNIDSRAVGKCPRYVKQRSLLLATGMKNVPEIPKGRGLFGAIAGFIENGWEGLIDGWYGFRHQNAQGEGTAADYKSTQSAIDQITGKLNRLIEKTNQQFELIDNEFNEVEKQIGNVINWTRDSITEVWSYNAELLVAMENQHTIDLADSEMDKLYERVKRQLRENAEEDGTGCFEIFHKCDDDCMASIRNNTYDHSKYREEAMQNRIQIDPVKLSSGYKDVILWFSFGASCFILLAIVMGLVFICVKNGNMRCTICI*